__attribute__((section(".userelf"))) unsigned char build_user_shell_elf[] = {
  0x7f, 0x45, 0x4c, 0x46, 0x02, 0x01, 0x01, 0x00, 0x00, 0x00, 0x00, 0x00,
  0x00, 0x00, 0x00, 0x00, 0x02, 0x00, 0x3e, 0x00, 0x01, 0x00, 0x00, 0x00,
  0x00, 0x00, 0x00, 0x00, 0x80, 0x00, 0x00, 0x00, 0x40, 0x00, 0x00, 0x00,
  0x00, 0x00, 0x00, 0x00, 0xe8, 0x7e, 0x00, 0x00, 0x00, 0x00, 0x00, 0x00,
  0x00, 0x00, 0x00, 0x00, 0x40, 0x00, 0x38, 0x00, 0x02, 0x00, 0x40, 0x00,
  0x0f, 0x00, 0x0e, 0x00, 0x01, 0x00, 0x00, 0x00, 0x05, 0x00, 0x00, 0x00,
  0x00, 0x10, 0x00, 0x00, 0x00, 0x00, 0x00, 0x00, 0x00, 0x00, 0x00, 0x00,
  0x80, 0x00, 0x00, 0x00, 0x00, 0x00, 0x00, 0x00, 0x80, 0x00, 0x00, 0x00,
  0xc8, 0x1b, 0x00, 0x00, 0x00, 0x00, 0x00, 0x00, 0xc8, 0x1b, 0x00, 0x00,
  0x00, 0x00, 0x00, 0x00, 0x00, 0x10, 0x00, 0x00, 0x00, 0x00, 0x00, 0x00,
  0x01, 0x00, 0x00, 0x00, 0x06, 0x00, 0x00, 0x00, 0x00, 0x30, 0x00, 0x00,
  0x00, 0x00, 0x00, 0x00, 0x00, 0x20, 0x00, 0x00, 0x80, 0x00, 0x00, 0x00,
  0x00, 0x20, 0x00, 0x00, 0x80, 0x00, 0x00, 0x00, 0x90, 0x01, 0x00, 0x00,
  0x00, 0x00, 0x00, 0x00, 0x50, 0x12, 0x00, 0x00, 0x00, 0x00, 0x00, 0x00,
  0x00, 0x10, 0x00, 0x00, 0x00, 0x00, 0x00, 0x00, 0x00, 0x00, 0x00, 0x00,
  0x00, 0x00, 0x00, 0x00, 0x00, 0x00, 0x00, 0x00, 0x00, 0x00, 0x00, 0x00,
  0x00, 0x00, 0x00, 0x00, 0x00, 0x00, 0x00, 0x00, 0x00, 0x00, 0x00, 0x00,
  0x00, 0x00, 0x00, 0x00, 0x00, 0x00, 0x00, 0x00, 0x00, 0x00, 0x00, 0x00,
  0x00, 0x00, 0x00, 0x00, 0x00, 0x00, 0x00, 0x00, 0x00, 0x00, 0x00, 0x00,
  0x00, 0x00, 0x00, 0x00, 0x00, 0x00, 0x00, 0x00, 0x00, 0x00, 0x00, 0x00,
  0x00, 0x00, 0x00, 0x00, 0x00, 0x00, 0x00, 0x00, 0x00, 0x00, 0x00, 0x00,
  0x00, 0x00, 0x00, 0x00, 0x00, 0x00, 0x00, 0x00, 0x00, 0x00, 0x00, 0x00,
  0x00, 0x00, 0x00, 0x00, 0x00, 0x00, 0x00, 0x00, 0x00, 0x00, 0x00, 0x00,
  0x00, 0x00, 0x00, 0x00, 0x00, 0x00, 0x00, 0x00, 0x00, 0x00, 0x00, 0x00,
  0x00, 0x00, 0x00, 0x00, 0x00, 0x00, 0x00, 0x00, 0x00, 0x00, 0x00, 0x00,
  0x00, 0x00, 0x00, 0x00, 0x00, 0x00, 0x00, 0x00, 0x00, 0x00, 0x00, 0x00,
  0x00, 0x00, 0x00, 0x00, 0x00, 0x00, 0x00, 0x00, 0x00, 0x00, 0x00, 0x00,
  0x00, 0x00, 0x00, 0x00, 0x00, 0x00, 0x00, 0x00, 0x00, 0x00, 0x00, 0x00,
  0x00, 0x00, 0x00, 0x00, 0x00, 0x00, 0x00, 0x00, 0x00, 0x00, 0x00, 0x00,
  0x00, 0x00, 0x00, 0x00, 0x00, 0x00, 0x00, 0x00, 0x00, 0x00, 0x00, 0x00,
  0x00, 0x00, 0x00, 0x00, 0x00, 0x00, 0x00, 0x00, 0x00, 0x00, 0x00, 0x00,
  0x00, 0x00, 0x00, 0x00, 0x00, 0x00, 0x00, 0x00, 0x00, 0x00, 0x00, 0x00,
  0x00, 0x00, 0x00, 0x00, 0x00, 0x00, 0x00, 0x00, 0x00, 0x00, 0x00, 0x00,
  0x00, 0x00, 0x00, 0x00, 0x00, 0x00, 0x00, 0x00, 0x00, 0x00, 0x00, 0x00,
  0x00, 0x00, 0x00, 0x00, 0x00, 0x00, 0x00, 0x00, 0x00, 0x00, 0x00, 0x00,
  0x00, 0x00, 0x00, 0x00, 0x00, 0x00, 0x00, 0x00, 0x00, 0x00, 0x00, 0x00,
  0x00, 0x00, 0x00, 0x00, 0x00, 0x00, 0x00, 0x00, 0x00, 0x00, 0x00, 0x00,
  0x00, 0x00, 0x00, 0x00, 0x00, 0x00, 0x00, 0x00, 0x00, 0x00, 0x00, 0x00,
  0x00, 0x00, 0x00, 0x00, 0x00, 0x00, 0x00, 0x00, 0x00, 0x00, 0x00, 0x00,
  0x00, 0x00, 0x00, 0x00, 0x00, 0x00, 0x00, 0x00, 0x00, 0x00, 0x00, 0x00,
  0x00, 0x00, 0x00, 0x00, 0x00, 0x00, 0x00, 0x00, 0x00, 0x00, 0x00, 0x00,
  0x00, 0x00, 0x00, 0x00, 0x00, 0x00, 0x00, 0x00, 0x00, 0x00, 0x00, 0x00,
  0x00, 0x00, 0x00, 0x00, 0x00, 0x00, 0x00, 0x00, 0x00, 0x00, 0x00, 0x00,
  0x00, 0x00, 0x00, 0x00, 0x00, 0x00, 0x00, 0x00, 0x00, 0x00, 0x00, 0x00,
  0x00, 0x00, 0x00, 0x00, 0x00, 0x00, 0x00, 0x00, 0x00, 0x00, 0x00, 0x00,
  0x00, 0x00, 0x00, 0x00, 0x00, 0x00, 0x00, 0x00, 0x00, 0x00, 0x00, 0x00,
  0x00, 0x00, 0x00, 0x00, 0x00, 0x00, 0x00, 0x00, 0x00, 0x00, 0x00, 0x00,
  0x00, 0x00, 0x00, 0x00, 0x00, 0x00, 0x00, 0x00, 0x00, 0x00, 0x00, 0x00,
  0x00, 0x00, 0x00, 0x00, 0x00, 0x00, 0x00, 0x00, 0x00, 0x00, 0x00, 0x00,
  0x00, 0x00, 0x00, 0x00, 0x00, 0x00, 0x00, 0x00, 0x00, 0x00, 0x00, 0x00,
  0x00, 0x00, 0x00, 0x00, 0x00, 0x00, 0x00, 0x00, 0x00, 0x00, 0x00, 0x00,
  0x00, 0x00, 0x00, 0x00, 0x00, 0x00, 0x00, 0x00, 0x00, 0x00, 0x00, 0x00,
  0x00, 0x00, 0x00, 0x00, 0x00, 0x00, 0x00, 0x00, 0x00, 0x00, 0x00, 0x00,
  0x00, 0x00, 0x00, 0x00, 0x00, 0x00, 0x00, 0x00, 0x00, 0x00, 0x00, 0x00,
  0x00, 0x00, 0x00, 0x00, 0x00, 0x00, 0x00, 0x00, 0x00, 0x00, 0x00, 0x00,
  0x00, 0x00, 0x00, 0x00, 0x00, 0x00, 0x00, 0x00, 0x00, 0x00, 0x00, 0x00,
  0x00, 0x00, 0x00, 0x00, 0x00, 0x00, 0x00, 0x00, 0x00, 0x00, 0x00, 0x00,
  0x00, 0x00, 0x00, 0x00, 0x00, 0x00, 0x00, 0x00, 0x00, 0x00, 0x00, 0x00,
  0x00, 0x00, 0x00, 0x00, 0x00, 0x00, 0x00, 0x00, 0x00, 0x00, 0x00, 0x00,
  0x00, 0x00, 0x00, 0x00, 0x00, 0x00, 0x00, 0x00, 0x00, 0x00, 0x00, 0x00,
  0x00, 0x00, 0x00, 0x00, 0x00, 0x00, 0x00, 0x00, 0x00, 0x00, 0x00, 0x00,
  0x00, 0x00, 0x00, 0x00, 0x00, 0x00, 0x00, 0x00, 0x00, 0x00, 0x00, 0x00,
  0x00, 0x00, 0x00, 0x00, 0x00, 0x00, 0x00, 0x00, 0x00, 0x00, 0x00, 0x00,
  0x00, 0x00, 0x00, 0x00, 0x00, 0x00, 0x00, 0x00, 0x00, 0x00, 0x00, 0x00,
  0x00, 0x00, 0x00, 0x00, 0x00, 0x00, 0x00, 0x00, 0x00, 0x00, 0x00, 0x00,
  0x00, 0x00, 0x00, 0x00, 0x00, 0x00, 0x00, 0x00, 0x00, 0x00, 0x00, 0x00,
  0x00, 0x00, 0x00, 0x00, 0x00, 0x00, 0x00, 0x00, 0x00, 0x00, 0x00, 0x00,
  0x00, 0x00, 0x00, 0x00, 0x00, 0x00, 0x00, 0x00, 0x00, 0x00, 0x00, 0x00,
  0x00, 0x00, 0x00, 0x00, 0x00, 0x00, 0x00, 0x00, 0x00, 0x00, 0x00, 0x00,
  0x00, 0x00, 0x00, 0x00, 0x00, 0x00, 0x00, 0x00, 0x00, 0x00, 0x00, 0x00,
  0x00, 0x00, 0x00, 0x00, 0x00, 0x00, 0x00, 0x00, 0x00, 0x00, 0x00, 0x00,
  0x00, 0x00, 0x00, 0x00, 0x00, 0x00, 0x00, 0x00, 0x00, 0x00, 0x00, 0x00,
  0x00, 0x00, 0x00, 0x00, 0x00, 0x00, 0x00, 0x00, 0x00, 0x00, 0x00, 0x00,
  0x00, 0x00, 0x00, 0x00, 0x00, 0x00, 0x00, 0x00, 0x00, 0x00, 0x00, 0x00,
  0x00, 0x00, 0x00, 0x00, 0x00, 0x00, 0x00, 0x00, 0x00, 0x00, 0x00, 0x00,
  0x00, 0x00, 0x00, 0x00, 0x00, 0x00, 0x00, 0x00, 0x00, 0x00, 0x00, 0x00,
  0x00, 0x00, 0x00, 0x00, 0x00, 0x00, 0x00, 0x00, 0x00, 0x00, 0x00, 0x00,
  0x00, 0x00, 0x00, 0x00, 0x00, 0x00, 0x00, 0x00, 0x00, 0x00, 0x00, 0x00,
  0x00, 0x00, 0x00, 0x00, 0x00, 0x00, 0x00, 0x00, 0x00, 0x00, 0x00, 0x00,
  0x00, 0x00, 0x00, 0x00, 0x00, 0x00, 0x00, 0x00, 0x00, 0x00, 0x00, 0x00,
  0x00, 0x00, 0x00, 0x00, 0x00, 0x00, 0x00, 0x00, 0x00, 0x00, 0x00, 0x00,
  0x00, 0x00, 0x00, 0x00, 0x00, 0x00, 0x00, 0x00, 0x00, 0x00, 0x00, 0x00,
  0x00, 0x00, 0x00, 0x00, 0x00, 0x00, 0x00, 0x00, 0x00, 0x00, 0x00, 0x00,
  0x00, 0x00, 0x00, 0x00, 0x00, 0x00, 0x00, 0x00, 0x00, 0x00, 0x00, 0x00,
  0x00, 0x00, 0x00, 0x00, 0x00, 0x00, 0x00, 0x00, 0x00, 0x00, 0x00, 0x00,
  0x00, 0x00, 0x00, 0x00, 0x00, 0x00, 0x00, 0x00, 0x00, 0x00, 0x00, 0x00,
  0x00, 0x00, 0x00, 0x00, 0x00, 0x00, 0x00, 0x00, 0x00, 0x00, 0x00, 0x00,
  0x00, 0x00, 0x00, 0x00, 0x00, 0x00, 0x00, 0x00, 0x00, 0x00, 0x00, 0x00,
  0x00, 0x00, 0x00, 0x00, 0x00, 0x00, 0x00, 0x00, 0x00, 0x00, 0x00, 0x00,
  0x00, 0x00, 0x00, 0x00, 0x00, 0x00, 0x00, 0x00, 0x00, 0x00, 0x00, 0x00,
  0x00, 0x00, 0x00, 0x00, 0x00, 0x00, 0x00, 0x00, 0x00, 0x00, 0x00, 0x00,
  0x00, 0x00, 0x00, 0x00, 0x00, 0x00, 0x00, 0x00, 0x00, 0x00, 0x00, 0x00,
  0x00, 0x00, 0x00, 0x00, 0x00, 0x00, 0x00, 0x00, 0x00, 0x00, 0x00, 0x00,
  0x00, 0x00, 0x00, 0x00, 0x00, 0x00, 0x00, 0x00, 0x00, 0x00, 0x00, 0x00,
  0x00, 0x00, 0x00, 0x00, 0x00, 0x00, 0x00, 0x00, 0x00, 0x00, 0x00, 0x00,
  0x00, 0x00, 0x00, 0x00, 0x00, 0x00, 0x00, 0x00, 0x00, 0x00, 0x00, 0x00,
  0x00, 0x00, 0x00, 0x00, 0x00, 0x00, 0x00, 0x00, 0x00, 0x00, 0x00, 0x00,
  0x00, 0x00, 0x00, 0x00, 0x00, 0x00, 0x00, 0x00, 0x00, 0x00, 0x00, 0x00,
  0x00, 0x00, 0x00, 0x00, 0x00, 0x00, 0x00, 0x00, 0x00, 0x00, 0x00, 0x00,
  0x00, 0x00, 0x00, 0x00, 0x00, 0x00, 0x00, 0x00, 0x00, 0x00, 0x00, 0x00,
  0x00, 0x00, 0x00, 0x00, 0x00, 0x00, 0x00, 0x00, 0x00, 0x00, 0x00, 0x00,
  0x00, 0x00, 0x00, 0x00, 0x00, 0x00, 0x00, 0x00, 0x00, 0x00, 0x00, 0x00,
  0x00, 0x00, 0x00, 0x00, 0x00, 0x00, 0x00, 0x00, 0x00, 0x00, 0x00, 0x00,
  0x00, 0x00, 0x00, 0x00, 0x00, 0x00, 0x00, 0x00, 0x00, 0x00, 0x00, 0x00,
  0x00, 0x00, 0x00, 0x00, 0x00, 0x00, 0x00, 0x00, 0x00, 0x00, 0x00, 0x00,
  0x00, 0x00, 0x00, 0x00, 0x00, 0x00, 0x00, 0x00, 0x00, 0x00, 0x00, 0x00,
  0x00, 0x00, 0x00, 0x00, 0x00, 0x00, 0x00, 0x00, 0x00, 0x00, 0x00, 0x00,
  0x00, 0x00, 0x00, 0x00, 0x00, 0x00, 0x00, 0x00, 0x00, 0x00, 0x00, 0x00,
  0x00, 0x00, 0x00, 0x00, 0x00, 0x00, 0x00, 0x00, 0x00, 0x00, 0x00, 0x00,
  0x00, 0x00, 0x00, 0x00, 0x00, 0x00, 0x00, 0x00, 0x00, 0x00, 0x00, 0x00,
  0x00, 0x00, 0x00, 0x00, 0x00, 0x00, 0x00, 0x00, 0x00, 0x00, 0x00, 0x00,
  0x00, 0x00, 0x00, 0x00, 0x00, 0x00, 0x00, 0x00, 0x00, 0x00, 0x00, 0x00,
  0x00, 0x00, 0x00, 0x00, 0x00, 0x00, 0x00, 0x00, 0x00, 0x00, 0x00, 0x00,
  0x00, 0x00, 0x00, 0x00, 0x00, 0x00, 0x00, 0x00, 0x00, 0x00, 0x00, 0x00,
  0x00, 0x00, 0x00, 0x00, 0x00, 0x00, 0x00, 0x00, 0x00, 0x00, 0x00, 0x00,
  0x00, 0x00, 0x00, 0x00, 0x00, 0x00, 0x00, 0x00, 0x00, 0x00, 0x00, 0x00,
  0x00, 0x00, 0x00, 0x00, 0x00, 0x00, 0x00, 0x00, 0x00, 0x00, 0x00, 0x00,
  0x00, 0x00, 0x00, 0x00, 0x00, 0x00, 0x00, 0x00, 0x00, 0x00, 0x00, 0x00,
  0x00, 0x00, 0x00, 0x00, 0x00, 0x00, 0x00, 0x00, 0x00, 0x00, 0x00, 0x00,
  0x00, 0x00, 0x00, 0x00, 0x00, 0x00, 0x00, 0x00, 0x00, 0x00, 0x00, 0x00,
  0x00, 0x00, 0x00, 0x00, 0x00, 0x00, 0x00, 0x00, 0x00, 0x00, 0x00, 0x00,
  0x00, 0x00, 0x00, 0x00, 0x00, 0x00, 0x00, 0x00, 0x00, 0x00, 0x00, 0x00,
  0x00, 0x00, 0x00, 0x00, 0x00, 0x00, 0x00, 0x00, 0x00, 0x00, 0x00, 0x00,
  0x00, 0x00, 0x00, 0x00, 0x00, 0x00, 0x00, 0x00, 0x00, 0x00, 0x00, 0x00,
  0x00, 0x00, 0x00, 0x00, 0x00, 0x00, 0x00, 0x00, 0x00, 0x00, 0x00, 0x00,
  0x00, 0x00, 0x00, 0x00, 0x00, 0x00, 0x00, 0x00, 0x00, 0x00, 0x00, 0x00,
  0x00, 0x00, 0x00, 0x00, 0x00, 0x00, 0x00, 0x00, 0x00, 0x00, 0x00, 0x00,
  0x00, 0x00, 0x00, 0x00, 0x00, 0x00, 0x00, 0x00, 0x00, 0x00, 0x00, 0x00,
  0x00, 0x00, 0x00, 0x00, 0x00, 0x00, 0x00, 0x00, 0x00, 0x00, 0x00, 0x00,
  0x00, 0x00, 0x00, 0x00, 0x00, 0x00, 0x00, 0x00, 0x00, 0x00, 0x00, 0x00,
  0x00, 0x00, 0x00, 0x00, 0x00, 0x00, 0x00, 0x00, 0x00, 0x00, 0x00, 0x00,
  0x00, 0x00, 0x00, 0x00, 0x00, 0x00, 0x00, 0x00, 0x00, 0x00, 0x00, 0x00,
  0x00, 0x00, 0x00, 0x00, 0x00, 0x00, 0x00, 0x00, 0x00, 0x00, 0x00, 0x00,
  0x00, 0x00, 0x00, 0x00, 0x00, 0x00, 0x00, 0x00, 0x00, 0x00, 0x00, 0x00,
  0x00, 0x00, 0x00, 0x00, 0x00, 0x00, 0x00, 0x00, 0x00, 0x00, 0x00, 0x00,
  0x00, 0x00, 0x00, 0x00, 0x00, 0x00, 0x00, 0x00, 0x00, 0x00, 0x00, 0x00,
  0x00, 0x00, 0x00, 0x00, 0x00, 0x00, 0x00, 0x00, 0x00, 0x00, 0x00, 0x00,
  0x00, 0x00, 0x00, 0x00, 0x00, 0x00, 0x00, 0x00, 0x00, 0x00, 0x00, 0x00,
  0x00, 0x00, 0x00, 0x00, 0x00, 0x00, 0x00, 0x00, 0x00, 0x00, 0x00, 0x00,
  0x00, 0x00, 0x00, 0x00, 0x00, 0x00, 0x00, 0x00, 0x00, 0x00, 0x00, 0x00,
  0x00, 0x00, 0x00, 0x00, 0x00, 0x00, 0x00, 0x00, 0x00, 0x00, 0x00, 0x00,
  0x00, 0x00, 0x00, 0x00, 0x00, 0x00, 0x00, 0x00, 0x00, 0x00, 0x00, 0x00,
  0x00, 0x00, 0x00, 0x00, 0x00, 0x00, 0x00, 0x00, 0x00, 0x00, 0x00, 0x00,
  0x00, 0x00, 0x00, 0x00, 0x00, 0x00, 0x00, 0x00, 0x00, 0x00, 0x00, 0x00,
  0x00, 0x00, 0x00, 0x00, 0x00, 0x00, 0x00, 0x00, 0x00, 0x00, 0x00, 0x00,
  0x00, 0x00, 0x00, 0x00, 0x00, 0x00, 0x00, 0x00, 0x00, 0x00, 0x00, 0x00,
  0x00, 0x00, 0x00, 0x00, 0x00, 0x00, 0x00, 0x00, 0x00, 0x00, 0x00, 0x00,
  0x00, 0x00, 0x00, 0x00, 0x00, 0x00, 0x00, 0x00, 0x00, 0x00, 0x00, 0x00,
  0x00, 0x00, 0x00, 0x00, 0x00, 0x00, 0x00, 0x00, 0x00, 0x00, 0x00, 0x00,
  0x00, 0x00, 0x00, 0x00, 0x00, 0x00, 0x00, 0x00, 0x00, 0x00, 0x00, 0x00,
  0x00, 0x00, 0x00, 0x00, 0x00, 0x00, 0x00, 0x00, 0x00, 0x00, 0x00, 0x00,
  0x00, 0x00, 0x00, 0x00, 0x00, 0x00, 0x00, 0x00, 0x00, 0x00, 0x00, 0x00,
  0x00, 0x00, 0x00, 0x00, 0x00, 0x00, 0x00, 0x00, 0x00, 0x00, 0x00, 0x00,
  0x00, 0x00, 0x00, 0x00, 0x00, 0x00, 0x00, 0x00, 0x00, 0x00, 0x00, 0x00,
  0x00, 0x00, 0x00, 0x00, 0x00, 0x00, 0x00, 0x00, 0x00, 0x00, 0x00, 0x00,
  0x00, 0x00, 0x00, 0x00, 0x00, 0x00, 0x00, 0x00, 0x00, 0x00, 0x00, 0x00,
  0x00, 0x00, 0x00, 0x00, 0x00, 0x00, 0x00, 0x00, 0x00, 0x00, 0x00, 0x00,
  0x00, 0x00, 0x00, 0x00, 0x00, 0x00, 0x00, 0x00, 0x00, 0x00, 0x00, 0x00,
  0x00, 0x00, 0x00, 0x00, 0x00, 0x00, 0x00, 0x00, 0x00, 0x00, 0x00, 0x00,
  0x00, 0x00, 0x00, 0x00, 0x00, 0x00, 0x00, 0x00, 0x00, 0x00, 0x00, 0x00,
  0x00, 0x00, 0x00, 0x00, 0x00, 0x00, 0x00, 0x00, 0x00, 0x00, 0x00, 0x00,
  0x00, 0x00, 0x00, 0x00, 0x00, 0x00, 0x00, 0x00, 0x00, 0x00, 0x00, 0x00,
  0x00, 0x00, 0x00, 0x00, 0x00, 0x00, 0x00, 0x00, 0x00, 0x00, 0x00, 0x00,
  0x00, 0x00, 0x00, 0x00, 0x00, 0x00, 0x00, 0x00, 0x00, 0x00, 0x00, 0x00,
  0x00, 0x00, 0x00, 0x00, 0x00, 0x00, 0x00, 0x00, 0x00, 0x00, 0x00, 0x00,
  0x00, 0x00, 0x00, 0x00, 0x00, 0x00, 0x00, 0x00, 0x00, 0x00, 0x00, 0x00,
  0x00, 0x00, 0x00, 0x00, 0x00, 0x00, 0x00, 0x00, 0x00, 0x00, 0x00, 0x00,
  0x00, 0x00, 0x00, 0x00, 0x00, 0x00, 0x00, 0x00, 0x00, 0x00, 0x00, 0x00,
  0x00, 0x00, 0x00, 0x00, 0x00, 0x00, 0x00, 0x00, 0x00, 0x00, 0x00, 0x00,
  0x00, 0x00, 0x00, 0x00, 0x00, 0x00, 0x00, 0x00, 0x00, 0x00, 0x00, 0x00,
  0x00, 0x00, 0x00, 0x00, 0x00, 0x00, 0x00, 0x00, 0x00, 0x00, 0x00, 0x00,
  0x00, 0x00, 0x00, 0x00, 0x00, 0x00, 0x00, 0x00, 0x00, 0x00, 0x00, 0x00,
  0x00, 0x00, 0x00, 0x00, 0x00, 0x00, 0x00, 0x00, 0x00, 0x00, 0x00, 0x00,
  0x00, 0x00, 0x00, 0x00, 0x00, 0x00, 0x00, 0x00, 0x00, 0x00, 0x00, 0x00,
  0x00, 0x00, 0x00, 0x00, 0x00, 0x00, 0x00, 0x00, 0x00, 0x00, 0x00, 0x00,
  0x00, 0x00, 0x00, 0x00, 0x00, 0x00, 0x00, 0x00, 0x00, 0x00, 0x00, 0x00,
  0x00, 0x00, 0x00, 0x00, 0x00, 0x00, 0x00, 0x00, 0x00, 0x00, 0x00, 0x00,
  0x00, 0x00, 0x00, 0x00, 0x00, 0x00, 0x00, 0x00, 0x00, 0x00, 0x00, 0x00,
  0x00, 0x00, 0x00, 0x00, 0x00, 0x00, 0x00, 0x00, 0x00, 0x00, 0x00, 0x00,
  0x00, 0x00, 0x00, 0x00, 0x00, 0x00, 0x00, 0x00, 0x00, 0x00, 0x00, 0x00,
  0x00, 0x00, 0x00, 0x00, 0x00, 0x00, 0x00, 0x00, 0x00, 0x00, 0x00, 0x00,
  0x00, 0x00, 0x00, 0x00, 0x00, 0x00, 0x00, 0x00, 0x00, 0x00, 0x00, 0x00,
  0x00, 0x00, 0x00, 0x00, 0x00, 0x00, 0x00, 0x00, 0x00, 0x00, 0x00, 0x00,
  0x00, 0x00, 0x00, 0x00, 0x00, 0x00, 0x00, 0x00, 0x00, 0x00, 0x00, 0x00,
  0x00, 0x00, 0x00, 0x00, 0x00, 0x00, 0x00, 0x00, 0x00, 0x00, 0x00, 0x00,
  0x00, 0x00, 0x00, 0x00, 0x00, 0x00, 0x00, 0x00, 0x00, 0x00, 0x00, 0x00,
  0x00, 0x00, 0x00, 0x00, 0x00, 0x00, 0x00, 0x00, 0x00, 0x00, 0x00, 0x00,
  0x00, 0x00, 0x00, 0x00, 0x00, 0x00, 0x00, 0x00, 0x00, 0x00, 0x00, 0x00,
  0x00, 0x00, 0x00, 0x00, 0x00, 0x00, 0x00, 0x00, 0x00, 0x00, 0x00, 0x00,
  0x00, 0x00, 0x00, 0x00, 0x00, 0x00, 0x00, 0x00, 0x00, 0x00, 0x00, 0x00,
  0x00, 0x00, 0x00, 0x00, 0x00, 0x00, 0x00, 0x00, 0x00, 0x00, 0x00, 0x00,
  0x00, 0x00, 0x00, 0x00, 0x00, 0x00, 0x00, 0x00, 0x00, 0x00, 0x00, 0x00,
  0x00, 0x00, 0x00, 0x00, 0x00, 0x00, 0x00, 0x00, 0x00, 0x00, 0x00, 0x00,
  0x00, 0x00, 0x00, 0x00, 0x00, 0x00, 0x00, 0x00, 0x00, 0x00, 0x00, 0x00,
  0x00, 0x00, 0x00, 0x00, 0x00, 0x00, 0x00, 0x00, 0x00, 0x00, 0x00, 0x00,
  0x00, 0x00, 0x00, 0x00, 0x00, 0x00, 0x00, 0x00, 0x00, 0x00, 0x00, 0x00,
  0x00, 0x00, 0x00, 0x00, 0x00, 0x00, 0x00, 0x00, 0x00, 0x00, 0x00, 0x00,
  0x00, 0x00, 0x00, 0x00, 0x00, 0x00, 0x00, 0x00, 0x00, 0x00, 0x00, 0x00,
  0x00, 0x00, 0x00, 0x00, 0x00, 0x00, 0x00, 0x00, 0x00, 0x00, 0x00, 0x00,
  0x00, 0x00, 0x00, 0x00, 0x00, 0x00, 0x00, 0x00, 0x00, 0x00, 0x00, 0x00,
  0x00, 0x00, 0x00, 0x00, 0x00, 0x00, 0x00, 0x00, 0x00, 0x00, 0x00, 0x00,
  0x00, 0x00, 0x00, 0x00, 0x00, 0x00, 0x00, 0x00, 0x00, 0x00, 0x00, 0x00,
  0x00, 0x00, 0x00, 0x00, 0x00, 0x00, 0x00, 0x00, 0x00, 0x00, 0x00, 0x00,
  0x00, 0x00, 0x00, 0x00, 0x00, 0x00, 0x00, 0x00, 0x00, 0x00, 0x00, 0x00,
  0x00, 0x00, 0x00, 0x00, 0x00, 0x00, 0x00, 0x00, 0x00, 0x00, 0x00, 0x00,
  0x00, 0x00, 0x00, 0x00, 0x00, 0x00, 0x00, 0x00, 0x00, 0x00, 0x00, 0x00,
  0x00, 0x00, 0x00, 0x00, 0x00, 0x00, 0x00, 0x00, 0x00, 0x00, 0x00, 0x00,
  0x00, 0x00, 0x00, 0x00, 0x00, 0x00, 0x00, 0x00, 0x00, 0x00, 0x00, 0x00,
  0x00, 0x00, 0x00, 0x00, 0x00, 0x00, 0x00, 0x00, 0x00, 0x00, 0x00, 0x00,
  0x00, 0x00, 0x00, 0x00, 0x00, 0x00, 0x00, 0x00, 0x00, 0x00, 0x00, 0x00,
  0x00, 0x00, 0x00, 0x00, 0x00, 0x00, 0x00, 0x00, 0x00, 0x00, 0x00, 0x00,
  0x00, 0x00, 0x00, 0x00, 0x00, 0x00, 0x00, 0x00, 0x00, 0x00, 0x00, 0x00,
  0x00, 0x00, 0x00, 0x00, 0x00, 0x00, 0x00, 0x00, 0x00, 0x00, 0x00, 0x00,
  0x00, 0x00, 0x00, 0x00, 0x00, 0x00, 0x00, 0x00, 0x00, 0x00, 0x00, 0x00,
  0x00, 0x00, 0x00, 0x00, 0x00, 0x00, 0x00, 0x00, 0x00, 0x00, 0x00, 0x00,
  0x00, 0x00, 0x00, 0x00, 0x00, 0x00, 0x00, 0x00, 0x00, 0x00, 0x00, 0x00,
  0x00, 0x00, 0x00, 0x00, 0x00, 0x00, 0x00, 0x00, 0x00, 0x00, 0x00, 0x00,
  0x00, 0x00, 0x00, 0x00, 0x00, 0x00, 0x00, 0x00, 0x00, 0x00, 0x00, 0x00,
  0x00, 0x00, 0x00, 0x00, 0x00, 0x00, 0x00, 0x00, 0x00, 0x00, 0x00, 0x00,
  0x00, 0x00, 0x00, 0x00, 0x00, 0x00, 0x00, 0x00, 0x00, 0x00, 0x00, 0x00,
  0x00, 0x00, 0x00, 0x00, 0x00, 0x00, 0x00, 0x00, 0x00, 0x00, 0x00, 0x00,
  0x00, 0x00, 0x00, 0x00, 0x00, 0x00, 0x00, 0x00, 0x00, 0x00, 0x00, 0x00,
  0x00, 0x00, 0x00, 0x00, 0x00, 0x00, 0x00, 0x00, 0x00, 0x00, 0x00, 0x00,
  0x00, 0x00, 0x00, 0x00, 0x00, 0x00, 0x00, 0x00, 0x00, 0x00, 0x00, 0x00,
  0x00, 0x00, 0x00, 0x00, 0x00, 0x00, 0x00, 0x00, 0x00, 0x00, 0x00, 0x00,
  0x00, 0x00, 0x00, 0x00, 0x00, 0x00, 0x00, 0x00, 0x00, 0x00, 0x00, 0x00,
  0x00, 0x00, 0x00, 0x00, 0x00, 0x00, 0x00, 0x00, 0x00, 0x00, 0x00, 0x00,
  0x00, 0x00, 0x00, 0x00, 0x00, 0x00, 0x00, 0x00, 0x00, 0x00, 0x00, 0x00,
  0x00, 0x00, 0x00, 0x00, 0x00, 0x00, 0x00, 0x00, 0x00, 0x00, 0x00, 0x00,
  0x00, 0x00, 0x00, 0x00, 0x00, 0x00, 0x00, 0x00, 0x00, 0x00, 0x00, 0x00,
  0x00, 0x00, 0x00, 0x00, 0x00, 0x00, 0x00, 0x00, 0x00, 0x00, 0x00, 0x00,
  0x00, 0x00, 0x00, 0x00, 0x00, 0x00, 0x00, 0x00, 0x00, 0x00, 0x00, 0x00,
  0x00, 0x00, 0x00, 0x00, 0x00, 0x00, 0x00, 0x00, 0x00, 0x00, 0x00, 0x00,
  0x00, 0x00, 0x00, 0x00, 0x00, 0x00, 0x00, 0x00, 0x00, 0x00, 0x00, 0x00,
  0x00, 0x00, 0x00, 0x00, 0x00, 0x00, 0x00, 0x00, 0x00, 0x00, 0x00, 0x00,
  0x00, 0x00, 0x00, 0x00, 0x00, 0x00, 0x00, 0x00, 0x00, 0x00, 0x00, 0x00,
  0x00, 0x00, 0x00, 0x00, 0x00, 0x00, 0x00, 0x00, 0x00, 0x00, 0x00, 0x00,
  0x00, 0x00, 0x00, 0x00, 0x00, 0x00, 0x00, 0x00, 0x00, 0x00, 0x00, 0x00,
  0x00, 0x00, 0x00, 0x00, 0x00, 0x00, 0x00, 0x00, 0x00, 0x00, 0x00, 0x00,
  0x00, 0x00, 0x00, 0x00, 0x00, 0x00, 0x00, 0x00, 0x00, 0x00, 0x00, 0x00,
  0x00, 0x00, 0x00, 0x00, 0x00, 0x00, 0x00, 0x00, 0x00, 0x00, 0x00, 0x00,
  0x00, 0x00, 0x00, 0x00, 0x00, 0x00, 0x00, 0x00, 0x00, 0x00, 0x00, 0x00,
  0x00, 0x00, 0x00, 0x00, 0x00, 0x00, 0x00, 0x00, 0x00, 0x00, 0x00, 0x00,
  0x00, 0x00, 0x00, 0x00, 0x00, 0x00, 0x00, 0x00, 0x00, 0x00, 0x00, 0x00,
  0x00, 0x00, 0x00, 0x00, 0x00, 0x00, 0x00, 0x00, 0x00, 0x00, 0x00, 0x00,
  0x00, 0x00, 0x00, 0x00, 0x00, 0x00, 0x00, 0x00, 0x00, 0x00, 0x00, 0x00,
  0x00, 0x00, 0x00, 0x00, 0x00, 0x00, 0x00, 0x00, 0x00, 0x00, 0x00, 0x00,
  0x00, 0x00, 0x00, 0x00, 0x00, 0x00, 0x00, 0x00, 0x00, 0x00, 0x00, 0x00,
  0x00, 0x00, 0x00, 0x00, 0x00, 0x00, 0x00, 0x00, 0x00, 0x00, 0x00, 0x00,
  0x00, 0x00, 0x00, 0x00, 0x00, 0x00, 0x00, 0x00, 0x00, 0x00, 0x00, 0x00,
  0x00, 0x00, 0x00, 0x00, 0x00, 0x00, 0x00, 0x00, 0x00, 0x00, 0x00, 0x00,
  0x00, 0x00, 0x00, 0x00, 0x00, 0x00, 0x00, 0x00, 0x00, 0x00, 0x00, 0x00,
  0x00, 0x00, 0x00, 0x00, 0x00, 0x00, 0x00, 0x00, 0x00, 0x00, 0x00, 0x00,
  0x00, 0x00, 0x00, 0x00, 0x00, 0x00, 0x00, 0x00, 0x00, 0x00, 0x00, 0x00,
  0x00, 0x00, 0x00, 0x00, 0x00, 0x00, 0x00, 0x00, 0x00, 0x00, 0x00, 0x00,
  0x00, 0x00, 0x00, 0x00, 0x00, 0x00, 0x00, 0x00, 0x00, 0x00, 0x00, 0x00,
  0x00, 0x00, 0x00, 0x00, 0x00, 0x00, 0x00, 0x00, 0x00, 0x00, 0x00, 0x00,
  0x00, 0x00, 0x00, 0x00, 0x00, 0x00, 0x00, 0x00, 0x00, 0x00, 0x00, 0x00,
  0x00, 0x00, 0x00, 0x00, 0x00, 0x00, 0x00, 0x00, 0x00, 0x00, 0x00, 0x00,
  0x00, 0x00, 0x00, 0x00, 0x00, 0x00, 0x00, 0x00, 0x00, 0x00, 0x00, 0x00,
  0x00, 0x00, 0x00, 0x00, 0x00, 0x00, 0x00, 0x00, 0x00, 0x00, 0x00, 0x00,
  0x00, 0x00, 0x00, 0x00, 0x00, 0x00, 0x00, 0x00, 0x00, 0x00, 0x00, 0x00,
  0x00, 0x00, 0x00, 0x00, 0x00, 0x00, 0x00, 0x00, 0x00, 0x00, 0x00, 0x00,
  0x00, 0x00, 0x00, 0x00, 0x00, 0x00, 0x00, 0x00, 0x00, 0x00, 0x00, 0x00,
  0x00, 0x00, 0x00, 0x00, 0x00, 0x00, 0x00, 0x00, 0x00, 0x00, 0x00, 0x00,
  0x00, 0x00, 0x00, 0x00, 0x00, 0x00, 0x00, 0x00, 0x00, 0x00, 0x00, 0x00,
  0x00, 0x00, 0x00, 0x00, 0x00, 0x00, 0x00, 0x00, 0x00, 0x00, 0x00, 0x00,
  0x00, 0x00, 0x00, 0x00, 0x00, 0x00, 0x00, 0x00, 0x00, 0x00, 0x00, 0x00,
  0x00, 0x00, 0x00, 0x00, 0x00, 0x00, 0x00, 0x00, 0x00, 0x00, 0x00, 0x00,
  0x00, 0x00, 0x00, 0x00, 0x00, 0x00, 0x00, 0x00, 0x00, 0x00, 0x00, 0x00,
  0x00, 0x00, 0x00, 0x00, 0x00, 0x00, 0x00, 0x00, 0x00, 0x00, 0x00, 0x00,
  0x00, 0x00, 0x00, 0x00, 0x00, 0x00, 0x00, 0x00, 0x00, 0x00, 0x00, 0x00,
  0x00, 0x00, 0x00, 0x00, 0x00, 0x00, 0x00, 0x00, 0x00, 0x00, 0x00, 0x00,
  0x00, 0x00, 0x00, 0x00, 0x00, 0x00, 0x00, 0x00, 0x00, 0x00, 0x00, 0x00,
  0x00, 0x00, 0x00, 0x00, 0x00, 0x00, 0x00, 0x00, 0x00, 0x00, 0x00, 0x00,
  0x00, 0x00, 0x00, 0x00, 0x00, 0x00, 0x00, 0x00, 0x00, 0x00, 0x00, 0x00,
  0x00, 0x00, 0x00, 0x00, 0x00, 0x00, 0x00, 0x00, 0x00, 0x00, 0x00, 0x00,
  0x00, 0x00, 0x00, 0x00, 0x00, 0x00, 0x00, 0x00, 0x00, 0x00, 0x00, 0x00,
  0x00, 0x00, 0x00, 0x00, 0x00, 0x00, 0x00, 0x00, 0x00, 0x00, 0x00, 0x00,
  0x00, 0x00, 0x00, 0x00, 0x00, 0x00, 0x00, 0x00, 0x00, 0x00, 0x00, 0x00,
  0x00, 0x00, 0x00, 0x00, 0x00, 0x00, 0x00, 0x00, 0x00, 0x00, 0x00, 0x00,
  0x00, 0x00, 0x00, 0x00, 0x00, 0x00, 0x00, 0x00, 0x00, 0x00, 0x00, 0x00,
  0x00, 0x00, 0x00, 0x00, 0x00, 0x00, 0x00, 0x00, 0x00, 0x00, 0x00, 0x00,
  0x00, 0x00, 0x00, 0x00, 0x00, 0x00, 0x00, 0x00, 0x00, 0x00, 0x00, 0x00,
  0x00, 0x00, 0x00, 0x00, 0x00, 0x00, 0x00, 0x00, 0x00, 0x00, 0x00, 0x00,
  0x00, 0x00, 0x00, 0x00, 0x00, 0x00, 0x00, 0x00, 0x00, 0x00, 0x00, 0x00,
  0x00, 0x00, 0x00, 0x00, 0x00, 0x00, 0x00, 0x00, 0x00, 0x00, 0x00, 0x00,
  0x00, 0x00, 0x00, 0x00, 0x00, 0x00, 0x00, 0x00, 0x00, 0x00, 0x00, 0x00,
  0x00, 0x00, 0x00, 0x00, 0x00, 0x00, 0x00, 0x00, 0x00, 0x00, 0x00, 0x00,
  0x00, 0x00, 0x00, 0x00, 0x00, 0x00, 0x00, 0x00, 0x00, 0x00, 0x00, 0x00,
  0x00, 0x00, 0x00, 0x00, 0x00, 0x00, 0x00, 0x00, 0x00, 0x00, 0x00, 0x00,
  0x00, 0x00, 0x00, 0x00, 0x00, 0x00, 0x00, 0x00, 0x00, 0x00, 0x00, 0x00,
  0x00, 0x00, 0x00, 0x00, 0x00, 0x00, 0x00, 0x00, 0x00, 0x00, 0x00, 0x00,
  0x00, 0x00, 0x00, 0x00, 0x00, 0x00, 0x00, 0x00, 0x00, 0x00, 0x00, 0x00,
  0x00, 0x00, 0x00, 0x00, 0x00, 0x00, 0x00, 0x00, 0x00, 0x00, 0x00, 0x00,
  0x00, 0x00, 0x00, 0x00, 0x00, 0x00, 0x00, 0x00, 0x00, 0x00, 0x00, 0x00,
  0x00, 0x00, 0x00, 0x00, 0x00, 0x00, 0x00, 0x00, 0x00, 0x00, 0x00, 0x00,
  0x00, 0x00, 0x00, 0x00, 0x00, 0x00, 0x00, 0x00, 0x00, 0x00, 0x00, 0x00,
  0x00, 0x00, 0x00, 0x00, 0x00, 0x00, 0x00, 0x00, 0x00, 0x00, 0x00, 0x00,
  0x00, 0x00, 0x00, 0x00, 0x00, 0x00, 0x00, 0x00, 0x00, 0x00, 0x00, 0x00,
  0x00, 0x00, 0x00, 0x00, 0x00, 0x00, 0x00, 0x00, 0x00, 0x00, 0x00, 0x00,
  0x00, 0x00, 0x00, 0x00, 0x00, 0x00, 0x00, 0x00, 0x00, 0x00, 0x00, 0x00,
  0x00, 0x00, 0x00, 0x00, 0x00, 0x00, 0x00, 0x00, 0x00, 0x00, 0x00, 0x00,
  0x00, 0x00, 0x00, 0x00, 0x00, 0x00, 0x00, 0x00, 0x00, 0x00, 0x00, 0x00,
  0x00, 0x00, 0x00, 0x00, 0x00, 0x00, 0x00, 0x00, 0x00, 0x00, 0x00, 0x00,
  0x00, 0x00, 0x00, 0x00, 0x00, 0x00, 0x00, 0x00, 0x00, 0x00, 0x00, 0x00,
  0x00, 0x00, 0x00, 0x00, 0x00, 0x00, 0x00, 0x00, 0x00, 0x00, 0x00, 0x00,
  0x00, 0x00, 0x00, 0x00, 0x00, 0x00, 0x00, 0x00, 0x00, 0x00, 0x00, 0x00,
  0x00, 0x00, 0x00, 0x00, 0x00, 0x00, 0x00, 0x00, 0x00, 0x00, 0x00, 0x00,
  0x00, 0x00, 0x00, 0x00, 0x00, 0x00, 0x00, 0x00, 0x00, 0x00, 0x00, 0x00,
  0x00, 0x00, 0x00, 0x00, 0x00, 0x00, 0x00, 0x00, 0x00, 0x00, 0x00, 0x00,
  0x00, 0x00, 0x00, 0x00, 0x00, 0x00, 0x00, 0x00, 0x00, 0x00, 0x00, 0x00,
  0x00, 0x00, 0x00, 0x00, 0x00, 0x00, 0x00, 0x00, 0x00, 0x00, 0x00, 0x00,
  0x00, 0x00, 0x00, 0x00, 0x00, 0x00, 0x00, 0x00, 0x00, 0x00, 0x00, 0x00,
  0x00, 0x00, 0x00, 0x00, 0x00, 0x00, 0x00, 0x00, 0x00, 0x00, 0x00, 0x00,
  0x00, 0x00, 0x00, 0x00, 0x00, 0x00, 0x00, 0x00, 0x00, 0x00, 0x00, 0x00,
  0x00, 0x00, 0x00, 0x00, 0x00, 0x00, 0x00, 0x00, 0x00, 0x00, 0x00, 0x00,
  0x00, 0x00, 0x00, 0x00, 0x00, 0x00, 0x00, 0x00, 0x00, 0x00, 0x00, 0x00,
  0x00, 0x00, 0x00, 0x00, 0x00, 0x00, 0x00, 0x00, 0x00, 0x00, 0x00, 0x00,
  0x00, 0x00, 0x00, 0x00, 0x00, 0x00, 0x00, 0x00, 0x00, 0x00, 0x00, 0x00,
  0x00, 0x00, 0x00, 0x00, 0x00, 0x00, 0x00, 0x00, 0x00, 0x00, 0x00, 0x00,
  0x00, 0x00, 0x00, 0x00, 0x00, 0x00, 0x00, 0x00, 0x00, 0x00, 0x00, 0x00,
  0x00, 0x00, 0x00, 0x00, 0x00, 0x00, 0x00, 0x00, 0x00, 0x00, 0x00, 0x00,
  0x00, 0x00, 0x00, 0x00, 0x00, 0x00, 0x00, 0x00, 0x00, 0x00, 0x00, 0x00,
  0x00, 0x00, 0x00, 0x00, 0x00, 0x00, 0x00, 0x00, 0x00, 0x00, 0x00, 0x00,
  0x00, 0x00, 0x00, 0x00, 0x00, 0x00, 0x00, 0x00, 0x00, 0x00, 0x00, 0x00,
  0x00, 0x00, 0x00, 0x00, 0x00, 0x00, 0x00, 0x00, 0x00, 0x00, 0x00, 0x00,
  0x00, 0x00, 0x00, 0x00, 0x00, 0x00, 0x00, 0x00, 0x00, 0x00, 0x00, 0x00,
  0x00, 0x00, 0x00, 0x00, 0x00, 0x00, 0x00, 0x00, 0x00, 0x00, 0x00, 0x00,
  0x00, 0x00, 0x00, 0x00, 0x00, 0x00, 0x00, 0x00, 0x00, 0x00, 0x00, 0x00,
  0x00, 0x00, 0x00, 0x00, 0x00, 0x00, 0x00, 0x00, 0x00, 0x00, 0x00, 0x00,
  0x00, 0x00, 0x00, 0x00, 0x00, 0x00, 0x00, 0x00, 0x00, 0x00, 0x00, 0x00,
  0x00, 0x00, 0x00, 0x00, 0x00, 0x00, 0x00, 0x00, 0x00, 0x00, 0x00, 0x00,
  0x00, 0x00, 0x00, 0x00, 0x00, 0x00, 0x00, 0x00, 0x00, 0x00, 0x00, 0x00,
  0x00, 0x00, 0x00, 0x00, 0x00, 0x00, 0x00, 0x00, 0x00, 0x00, 0x00, 0x00,
  0x00, 0x00, 0x00, 0x00, 0x00, 0x00, 0x00, 0x00, 0x00, 0x00, 0x00, 0x00,
  0x00, 0x00, 0x00, 0x00, 0x00, 0x00, 0x00, 0x00, 0x00, 0x00, 0x00, 0x00,
  0x00, 0x00, 0x00, 0x00, 0x00, 0x00, 0x00, 0x00, 0x00, 0x00, 0x00, 0x00,
  0x00, 0x00, 0x00, 0x00, 0x00, 0x00, 0x00, 0x00, 0x00, 0x00, 0x00, 0x00,
  0x00, 0x00, 0x00, 0x00, 0x00, 0x00, 0x00, 0x00, 0x00, 0x00, 0x00, 0x00,
  0x00, 0x00, 0x00, 0x00, 0x00, 0x00, 0x00, 0x00, 0x00, 0x00, 0x00, 0x00,
  0x00, 0x00, 0x00, 0x00, 0x48, 0x31, 0xed, 0x66, 0xb8, 0x2b, 0x00, 0x8e,
  0xd8, 0x8e, 0xc0, 0x8e, 0xe0, 0x8e, 0xe8, 0x48, 0xbf, 0x00, 0x30, 0x00,
  0x00, 0x80, 0x00, 0x00, 0x00, 0x48, 0xbe, 0x50, 0x32, 0x00, 0x00, 0x80,
  0x00, 0x00, 0x00, 0x48, 0x89, 0xf1, 0x48, 0x29, 0xf9, 0x48, 0x31, 0xc0,
  0xf3, 0xaa, 0x48, 0x89, 0xe3, 0x48, 0x83, 0xe4, 0xf0, 0x53, 0x48, 0x83,
  0xec, 0x08, 0xe8, 0xa1, 0x10, 0x00, 0x00, 0xe8, 0xcc, 0x02, 0x00, 0x00,
  0x48, 0x31, 0xff, 0x48, 0x31, 0xf6, 0x48, 0x31, 0xd2, 0xe8, 0xde, 0x04,
  0x00, 0x00, 0x48, 0x89, 0xc7, 0xe8, 0x46, 0x00, 0x00, 0x00, 0xf4, 0xeb,
  0xfd, 0x0f, 0x1f, 0x00, 0xc3, 0x66, 0x66, 0x2e, 0x0f, 0x1f, 0x84, 0x00,
  0x00, 0x00, 0x00, 0x00, 0x0f, 0x1f, 0x40, 0x00, 0xc3, 0x66, 0x66, 0x2e,
  0x0f, 0x1f, 0x84, 0x00, 0x00, 0x00, 0x00, 0x00, 0x0f, 0x1f, 0x40, 0x00,
  0x48, 0x63, 0xff, 0xb8, 0x01, 0x00, 0x00, 0x00, 0x0f, 0x05, 0xc3, 0x0f,
  0x1f, 0x44, 0x00, 0x00, 0x48, 0x63, 0xff, 0xb8, 0x03, 0x00, 0x00, 0x00,
  0x0f, 0x05, 0xc3, 0x0f, 0x1f, 0x44, 0x00, 0x00, 0x31, 0xf6, 0x48, 0x63,
  0xff, 0xb8, 0x02, 0x00, 0x00, 0x00, 0x48, 0x89, 0xf2, 0x0f, 0x05, 0x90,
  0xf4, 0xeb, 0xfd, 0x66, 0x66, 0x2e, 0x0f, 0x1f, 0x84, 0x00, 0x00, 0x00,
  0x00, 0x00, 0x66, 0x90, 0x49, 0xb8, 0x00, 0x30, 0x00, 0x00, 0x80, 0x00,
  0x00, 0x00, 0x55, 0x49, 0x89, 0xf9, 0x48, 0x89, 0xe5, 0x49, 0x83, 0x38,
  0x00, 0x75, 0x18, 0x31, 0xff, 0xb8, 0x0a, 0x00, 0x00, 0x00, 0x48, 0x89,
  0xfe, 0x48, 0x89, 0xfa, 0x0f, 0x05, 0x48, 0x83, 0xf8, 0xff, 0x74, 0x34,
  0x49, 0x89, 0x00, 0x4d, 0x85, 0xc9, 0x74, 0x24, 0x31, 0xf6, 0xb8, 0x0a,
  0x00, 0x00, 0x00, 0x4c, 0x89, 0xcf, 0x48, 0x89, 0xf2, 0x0f, 0x05, 0x48,
  0x83, 0xf8, 0xff, 0x74, 0x17, 0x49, 0x8b, 0x10, 0x49, 0x89, 0x00, 0x5d,
  0x48, 0x89, 0xd0, 0xc3, 0x0f, 0x1f, 0x40, 0x00, 0x49, 0x8b, 0x10, 0x5d,
  0x48, 0x89, 0xd0, 0xc3, 0x48, 0xb8, 0xd0, 0x10, 0x00, 0x00, 0x80, 0x00,
  0x00, 0x00, 0xff, 0xd0, 0x48, 0xc7, 0xc2, 0xff, 0xff, 0xff, 0xff, 0xc7,
  0x00, 0x0c, 0x00, 0x00, 0x00, 0x48, 0x89, 0xd0, 0x5d, 0xc3, 0x66, 0x90,
  0x48, 0x63, 0xff, 0xb8, 0x01, 0x00, 0x00, 0x00, 0x0f, 0x05, 0xc3, 0x0f,
  0x1f, 0x44, 0x00, 0x00, 0x48, 0x63, 0xff, 0xb8, 0x03, 0x00, 0x00, 0x00,
  0x0f, 0x05, 0xc3, 0x0f, 0x1f, 0x44, 0x00, 0x00, 0x31, 0xf6, 0x48, 0x63,
  0xff, 0xb8, 0x02, 0x00, 0x00, 0x00, 0x48, 0x89, 0xf2, 0x0f, 0x05, 0x90,
  0xf4, 0xeb, 0xfd, 0x66, 0x66, 0x2e, 0x0f, 0x1f, 0x84, 0x00, 0x00, 0x00,
  0x00, 0x00, 0x66, 0x90, 0x49, 0xb8, 0x00, 0x30, 0x00, 0x00, 0x80, 0x00,
  0x00, 0x00, 0x55, 0x49, 0x89, 0xf9, 0x48, 0x89, 0xe5, 0x49, 0x83, 0x38,
  0x00, 0x75, 0x18, 0x31, 0xff, 0xb8, 0x0a, 0x00, 0x00, 0x00, 0x48, 0x89,
  0xfe, 0x48, 0x89, 0xfa, 0x0f, 0x05, 0x48, 0x83, 0xf8, 0xff, 0x74, 0x34,
  0x49, 0x89, 0x00, 0x4d, 0x85, 0xc9, 0x74, 0x24, 0x31, 0xf6, 0xb8, 0x0a,
  0x00, 0x00, 0x00, 0x4c, 0x89, 0xcf, 0x48, 0x89, 0xf2, 0x0f, 0x05, 0x48,
  0x83, 0xf8, 0xff, 0x74, 0x17, 0x49, 0x8b, 0x10, 0x49, 0x89, 0x00, 0x5d,
  0x48, 0x89, 0xd0, 0xc3, 0x0f, 0x1f, 0x40, 0x00, 0x49, 0x8b, 0x10, 0x5d,
  0x48, 0x89, 0xd0, 0xc3, 0x48, 0xb8, 0xd0, 0x10, 0x00, 0x00, 0x80, 0x00,
  0x00, 0x00, 0xff, 0xd0, 0x48, 0xc7, 0xc2, 0xff, 0xff, 0xff, 0xff, 0xc7,
  0x00, 0x0c, 0x00, 0x00, 0x00, 0x48, 0x89, 0xd0, 0x5d, 0xc3, 0x66, 0x90,
  0x31, 0xff, 0xb8, 0x19, 0x00, 0x00, 0x00, 0x48, 0x89, 0xfe, 0x48, 0x89,
  0xfa, 0x0f, 0x05, 0xc3, 0xb8, 0xff, 0xff, 0xff, 0xff, 0xc3, 0x66, 0x2e,
  0x0f, 0x1f, 0x84, 0x00, 0x00, 0x00, 0x00, 0x00, 0x83, 0xef, 0x01, 0x83,
  0xff, 0x01, 0x77, 0x10, 0xc7, 0x46, 0x04, 0x00, 0x20, 0x00, 0x00, 0x31,
  0xc0, 0xc3, 0x66, 0x0f, 0x1f, 0x44, 0x00, 0x00, 0xb8, 0xff, 0xff, 0xff,
  0xff, 0xc3, 0x66, 0x90, 0x83, 0xef, 0x01, 0x31, 0xc0, 0x83, 0xff, 0x01,
  0x0f, 0x96, 0xc0, 0xc3, 0x0f, 0x1f, 0x40, 0x00, 0x48, 0xc7, 0xc0, 0xff,
  0xff, 0xff, 0xff, 0xc3, 0x0f, 0x1f, 0x84, 0x00, 0x00, 0x00, 0x00, 0x00,
  0xb8, 0xff, 0xff, 0xff, 0xff, 0xc3, 0x66, 0x2e, 0x0f, 0x1f, 0x84, 0x00,
  0x00, 0x00, 0x00, 0x00, 0xb8, 0xff, 0xff, 0xff, 0xff, 0xc3, 0x66, 0x2e,
  0x0f, 0x1f, 0x84, 0x00, 0x00, 0x00, 0x00, 0x00, 0xb8, 0x01, 0x00, 0x00,
  0x00, 0xc3, 0x66, 0x2e, 0x0f, 0x1f, 0x84, 0x00, 0x00, 0x00, 0x00, 0x00,
  0xb8, 0xff, 0xff, 0xff, 0xff, 0xc3, 0x66, 0x2e, 0x0f, 0x1f, 0x84, 0x00,
  0x00, 0x00, 0x00, 0x00, 0x83, 0xef, 0x01, 0x83, 0xff, 0x01, 0x77, 0x10,
  0xc7, 0x46, 0x04, 0x00, 0x20, 0x00, 0x00, 0x31, 0xc0, 0xc3, 0x66, 0x0f,
  0x1f, 0x44, 0x00, 0x00, 0xb8, 0xff, 0xff, 0xff, 0xff, 0xc3, 0x66, 0x90,
  0x83, 0xef, 0x01, 0x31, 0xc0, 0x83, 0xff, 0x01, 0x0f, 0x96, 0xc0, 0xc3,
  0x0f, 0x1f, 0x40, 0x00, 0x48, 0xc7, 0xc0, 0xff, 0xff, 0xff, 0xff, 0xc3,
  0x0f, 0x1f, 0x84, 0x00, 0x00, 0x00, 0x00, 0x00, 0xb8, 0xff, 0xff, 0xff,
  0xff, 0xc3, 0x66, 0x2e, 0x0f, 0x1f, 0x84, 0x00, 0x00, 0x00, 0x00, 0x00,
  0xb8, 0xff, 0xff, 0xff, 0xff, 0xc3, 0x66, 0x2e, 0x0f, 0x1f, 0x84, 0x00,
  0x00, 0x00, 0x00, 0x00, 0xb8, 0x01, 0x00, 0x00, 0x00, 0xc3, 0x66, 0x2e,
  0x0f, 0x1f, 0x84, 0x00, 0x00, 0x00, 0x00, 0x00, 0x55, 0xbf, 0x01, 0x00,
  0x00, 0x00, 0x48, 0xb8, 0x00, 0x21, 0x00, 0x00, 0x80, 0x00, 0x00, 0x00,
  0x48, 0xbe, 0x00, 0x20, 0x00, 0x00, 0x80, 0x00, 0x00, 0x00, 0xba, 0x16,
  0x00, 0x00, 0x00, 0x48, 0x89, 0xe5, 0x48, 0x83, 0xec, 0x10, 0x48, 0xa3,
  0xe0, 0x20, 0x00, 0x00, 0x80, 0x00, 0x00, 0x00, 0xb8, 0x01, 0x00, 0x00,
  0x00, 0x0f, 0x05, 0xb8, 0x01, 0x00, 0x00, 0x00, 0xba, 0x03, 0x00, 0x00,
  0x00, 0x48, 0xbe, 0x17, 0x20, 0x00, 0x00, 0x80, 0x00, 0x00, 0x00, 0x0f,
  0x05, 0x48, 0xbe, 0x1b, 0x20, 0x00, 0x00, 0x80, 0x00, 0x00, 0x00, 0xb8,
  0x01, 0x00, 0x00, 0x00, 0x0f, 0x05, 0x48, 0xbe, 0x1f, 0x20, 0x00, 0x00,
  0x80, 0x00, 0x00, 0x00, 0xb8, 0x01, 0x00, 0x00, 0x00, 0x0f, 0x05, 0xba,
  0x0c, 0x00, 0x00, 0x00, 0xc7, 0x45, 0xf8, 0x5f, 0x4f, 0x4b, 0x0a, 0x48,
  0x8d, 0x75, 0xf0, 0x48, 0xb8, 0x53, 0x54, 0x41, 0x43, 0x4b, 0x42, 0x55,
  0x46, 0x48, 0x89, 0x45, 0xf0, 0xb8, 0x01, 0x00, 0x00, 0x00, 0xc6, 0x45,
  0xfc, 0x00, 0x0f, 0x05, 0xb8, 0x01, 0x00, 0x00, 0x00, 0xba, 0x10, 0x00,
  0x00, 0x00, 0x48, 0xbe, 0x23, 0x20, 0x00, 0x00, 0x80, 0x00, 0x00, 0x00,
  0x0f, 0x05, 0x48, 0xa1, 0xe0, 0x20, 0x00, 0x00, 0x80, 0x00, 0x00, 0x00,
  0x48, 0x83, 0x78, 0x40, 0x00, 0x74, 0x09, 0xc9, 0xc3, 0x0f, 0x1f, 0x80,
  0x00, 0x00, 0x00, 0x00, 0xc9, 0x48, 0x89, 0xc7, 0x48, 0xb8, 0x50, 0x0a,
  0x00, 0x00, 0x80, 0x00, 0x00, 0x00, 0xff, 0xe0, 0x66, 0x2e, 0x0f, 0x1f,
  0x84, 0x00, 0x00, 0x00, 0x00, 0x00, 0x66, 0x2e, 0x0f, 0x1f, 0x84, 0x00,
  0x00, 0x00, 0x00, 0x00, 0x0f, 0x1f, 0x40, 0x00, 0x80, 0x3f, 0x00, 0x74,
  0x36, 0x48, 0xb8, 0xe0, 0x0c, 0x00, 0x00, 0x80, 0x00, 0x00, 0x00, 0x55,
  0x48, 0x89, 0xe5, 0x53, 0x48, 0x89, 0xfb, 0x48, 0x8d, 0x7f, 0x01, 0x48,
  0x83, 0xec, 0x08, 0xff, 0xd0, 0xbf, 0x01, 0x00, 0x00, 0x00, 0x48, 0x89,
  0xde, 0x48, 0x8d, 0x50, 0x01, 0xb8, 0x01, 0x00, 0x00, 0x00, 0x0f, 0x05,
  0x48, 0x83, 0xc4, 0x08, 0x5b, 0x5d, 0xc3, 0xc3, 0x0f, 0x1f, 0x40, 0x00,
  0x55, 0x49, 0x89, 0xf9, 0x48, 0x89, 0xf7, 0x48, 0x89, 0xe5, 0x48, 0x83,
  0xec, 0x30, 0x41, 0x0f, 0xb6, 0x11, 0x84, 0xd2, 0x0f, 0x84, 0xc7, 0x00,
  0x00, 0x00, 0x4c, 0x8d, 0x45, 0xd8, 0xb8, 0x01, 0x00, 0x00, 0x00, 0x4c,
  0x89, 0xc1, 0x66, 0x66, 0x2e, 0x0f, 0x1f, 0x84, 0x00, 0x00, 0x00, 0x00,
  0x00, 0x66, 0x66, 0x2e, 0x0f, 0x1f, 0x84, 0x00, 0x00, 0x00, 0x00, 0x00,
  0x0f, 0x1f, 0x40, 0x00, 0x88, 0x11, 0x41, 0x0f, 0xb6, 0x14, 0x01, 0x84,
  0xd2, 0x0f, 0x84, 0x8e, 0x00, 0x00, 0x00, 0x48, 0x83, 0xc0, 0x01, 0x48,
  0x83, 0xc1, 0x01, 0x48, 0x83, 0xf8, 0x0d, 0x75, 0xe3, 0xbe, 0x0c, 0x00,
  0x00, 0x00, 0x48, 0x63, 0xc6, 0xb9, 0x3d, 0x30, 0x00, 0x00, 0x8d, 0x56,
  0x03, 0x49, 0xb9, 0x70, 0x20, 0x00, 0x00, 0x80, 0x00, 0x00, 0x00, 0x66,
  0x89, 0x4c, 0x05, 0xd8, 0x8d, 0x46, 0x02, 0x48, 0x63, 0xd2, 0xb9, 0x3c,
  0x00, 0x00, 0x00, 0x48, 0x98, 0x4c, 0x01, 0xc2, 0xc6, 0x44, 0x05, 0xd8,
  0x78, 0x66, 0x66, 0x2e, 0x0f, 0x1f, 0x84, 0x00, 0x00, 0x00, 0x00, 0x00,
  0x0f, 0x1f, 0x40, 0x00, 0x48, 0x89, 0xf8, 0x48, 0x83, 0xc2, 0x01, 0x48,
  0xd3, 0xe8, 0x83, 0xe9, 0x04, 0x83, 0xe0, 0x0f, 0x41, 0x0f, 0xb6, 0x04,
  0x01, 0x88, 0x42, 0xff, 0x83, 0xf9, 0xfc, 0x75, 0xe3, 0x8d, 0x46, 0x13,
  0xba, 0x0a, 0x00, 0x00, 0x00, 0x4c, 0x89, 0xc7, 0x48, 0x98, 0x66, 0x89,
  0x54, 0x05, 0xd8, 0x48, 0xb8, 0x00, 0x04, 0x00, 0x00, 0x80, 0x00, 0x00,
  0x00, 0xff, 0xd0, 0xc9, 0xc3, 0x89, 0xc6, 0xeb, 0x81, 0x31, 0xf6, 0x4c,
  0x8d, 0x45, 0xd8, 0xe9, 0x76, 0xff, 0xff, 0xff, 0x0f, 0x1f, 0x40, 0x00,
  0x48, 0xbf, 0x34, 0x20, 0x00, 0x00, 0x80, 0x00, 0x00, 0x00, 0x55, 0x48,
  0x89, 0xe5, 0x41, 0x54, 0x49, 0xbc, 0x40, 0x04, 0x00, 0x00, 0x80, 0x00,
  0x00, 0x00, 0x53, 0x48, 0xbb, 0x00, 0x04, 0x00, 0x00, 0x80, 0x00, 0x00,
  0x00, 0xff, 0xd3, 0x48, 0xbf, 0x38, 0x20, 0x00, 0x00, 0x80, 0x00, 0x00,
  0x00, 0xff, 0xd3, 0x48, 0xbf, 0x3c, 0x20, 0x00, 0x00, 0x80, 0x00, 0x00,
  0x00, 0xff, 0xd3, 0x48, 0xb8, 0xe0, 0x20, 0x00, 0x00, 0x80, 0x00, 0x00,
  0x00, 0x48, 0x8b, 0x30, 0x48, 0xbf, 0x40, 0x20, 0x00, 0x00, 0x80, 0x00,
  0x00, 0x00, 0x41, 0xff, 0xd4, 0x48, 0xbe, 0x00, 0x21, 0x00, 0x00, 0x80,
  0x00, 0x00, 0x00, 0x48, 0xbf, 0x48, 0x20, 0x00, 0x00, 0x80, 0x00, 0x00,
  0x00, 0x41, 0xff, 0xd4, 0x48, 0xbe, 0x20, 0x30, 0x00, 0x00, 0x80, 0x00,
  0x00, 0x00, 0x48, 0xbf, 0x51, 0x20, 0x00, 0x00, 0x80, 0x00, 0x00, 0x00,
  0x41, 0xff, 0xd4, 0x48, 0xbe, 0xd0, 0x30, 0x00, 0x00, 0x80, 0x00, 0x00,
  0x00, 0x48, 0xbf, 0x55, 0x20, 0x00, 0x00, 0x80, 0x00, 0x00, 0x00, 0x41,
  0xff, 0xd4, 0x48, 0xbf, 0x59, 0x20, 0x00, 0x00, 0x80, 0x00, 0x00, 0x00,
  0xff, 0xd3, 0x5b, 0x31, 0xc0, 0x41, 0x5c, 0x5d, 0xc3, 0x66, 0x2e, 0x0f,
  0x1f, 0x84, 0x00, 0x00, 0x00, 0x00, 0x00, 0x66, 0x2e, 0x0f, 0x1f, 0x84,
  0x00, 0x00, 0x00, 0x00, 0x00, 0x66, 0x2e, 0x0f, 0x1f, 0x84, 0x00, 0x00,
  0x00, 0x00, 0x00, 0x90, 0x31, 0xc0, 0xc3, 0x66, 0x66, 0x2e, 0x0f, 0x1f,
  0x84, 0x00, 0x00, 0x00, 0x00, 0x00, 0x66, 0x90, 0x48, 0xba, 0xb0, 0x20,
  0x00, 0x00, 0x80, 0x00, 0x00, 0x00, 0x48, 0xbe, 0xa0, 0x16, 0x00, 0x00,
  0x80, 0x00, 0x00, 0x00, 0x48, 0xbf, 0x00, 0x21, 0x00, 0x00, 0x80, 0x00,
  0x00, 0x00, 0x48, 0xb8, 0x10, 0x0b, 0x00, 0x00, 0x80, 0x00, 0x00, 0x00,
  0xff, 0xe0, 0x66, 0x0f, 0x1f, 0x44, 0x00, 0x00, 0x48, 0xb8, 0x20, 0x30,
  0x00, 0x00, 0x80, 0x00, 0x00, 0x00, 0x55, 0x48, 0x89, 0xe5, 0x53, 0x48,
  0x89, 0xfb, 0x48, 0x83, 0xec, 0x08, 0x48, 0x8b, 0x77, 0x08, 0x48, 0x39,
  0xc6, 0x74, 0x0c, 0x48, 0xb8, 0xa0, 0x16, 0x00, 0x00, 0x80, 0x00, 0x00,
  0x00, 0xff, 0xd0, 0x48, 0xb8, 0xd0, 0x30, 0x00, 0x00, 0x80, 0x00, 0x00,
  0x00, 0x48, 0x8b, 0x73, 0x10, 0x48, 0x39, 0xc6, 0x74, 0x0f, 0x48, 0xb8,
  0xa0, 0x16, 0x00, 0x00, 0x80, 0x00, 0x00, 0x00, 0x48, 0x89, 0xdf, 0xff,
  0xd0, 0x48, 0xb8, 0x80, 0x31, 0x00, 0x00, 0x80, 0x00, 0x00, 0x00, 0x48,
  0x8b, 0x73, 0x18, 0x48, 0x39, 0xc6, 0x74, 0x18, 0x48, 0xb8, 0xa0, 0x16,
  0x00, 0x00, 0x80, 0x00, 0x00, 0x00, 0x48, 0x89, 0xdf, 0x48, 0x8b, 0x5d,
  0xf8, 0xc9, 0xff, 0xe0, 0x0f, 0x1f, 0x40, 0x00, 0x48, 0x8b, 0x5d, 0xf8,
  0xc9, 0xc3, 0x66, 0x90, 0x31, 0xc0, 0xc3, 0x66, 0x66, 0x2e, 0x0f, 0x1f,
  0x84, 0x00, 0x00, 0x00, 0x00, 0x00, 0x66, 0x90, 0x55, 0xba, 0x08, 0x00,
  0x00, 0x00, 0x31, 0xf6, 0x48, 0xb8, 0x00, 0x0c, 0x00, 0x00, 0x80, 0x00,
  0x00, 0x00, 0x48, 0xb9, 0x98, 0x20, 0x00, 0x00, 0x80, 0x00, 0x00, 0x00,
  0x66, 0x48, 0x0f, 0x6e, 0xd0, 0x48, 0xb8, 0xd0, 0x0c, 0x00, 0x00, 0x80,
  0x00, 0x00, 0x00, 0x66, 0x48, 0x0f, 0x6e, 0xd8, 0x48, 0xb8, 0x10, 0x06,
  0x00, 0x00, 0x80, 0x00, 0x00, 0x00, 0x48, 0x89, 0xe5, 0x41, 0x54, 0x49,
  0xbc, 0x70, 0x11, 0x00, 0x00, 0x80, 0x00, 0x00, 0x00, 0x53, 0x48, 0xbb,
  0x20, 0x30, 0x00, 0x00, 0x80, 0x00, 0x00, 0x00, 0x48, 0x8d, 0xbb, 0xa4,
  0x00, 0x00, 0x00, 0x48, 0x83, 0xec, 0x20, 0xf3, 0x0f, 0x7e, 0x01, 0x48,
  0xb9, 0xa0, 0x20, 0x00, 0x00, 0x80, 0x00, 0x00, 0x00, 0x48, 0xa3, 0x30,
  0x32, 0x00, 0x00, 0x80, 0x00, 0x00, 0x00, 0xf3, 0x0f, 0x7e, 0x09, 0x48,
  0xc7, 0x03, 0x00, 0x00, 0x00, 0x00, 0x48, 0xb8, 0x84, 0x20, 0x00, 0x00,
  0x80, 0x00, 0x00, 0x00, 0x8b, 0x00, 0x66, 0x0f, 0x6c, 0xc2, 0x48, 0xc7,
  0x43, 0x08, 0x00, 0x00, 0x00, 0x00, 0x66, 0x0f, 0x6c, 0xcb, 0x0f, 0x29,
  0x45, 0xe0, 0x0f, 0x29, 0x4d, 0xd0, 0xc7, 0x83, 0xac, 0x00, 0x00, 0x00,
  0x00, 0x00, 0x00, 0x00, 0x89, 0x43, 0x10, 0x48, 0xc7, 0x43, 0x18, 0x00,
  0x00, 0x00, 0x00, 0xc7, 0x43, 0x20, 0x00, 0x00, 0x00, 0x00, 0xc7, 0x43,
  0x28, 0x00, 0x00, 0x00, 0x00, 0x41, 0xff, 0xd4, 0x66, 0x0f, 0x6f, 0x45,
  0xe0, 0x66, 0x0f, 0x6f, 0x4d, 0xd0, 0x31, 0xf6, 0x48, 0x8d, 0xbb, 0x54,
  0x01, 0x00, 0x00, 0x48, 0x89, 0x5b, 0x38, 0x48, 0xb8, 0x88, 0x20, 0x00,
  0x00, 0x80, 0x00, 0x00, 0x00, 0xba, 0x08, 0x00, 0x00, 0x00, 0x8b, 0x00,
  0x0f, 0x29, 0x43, 0x40, 0x0f, 0x29, 0x4b, 0x50, 0x48, 0xc7, 0x83, 0xb0,
  0x00, 0x00, 0x00, 0x00, 0x00, 0x00, 0x00, 0x48, 0xc7, 0x83, 0xb8, 0x00,
  0x00, 0x00, 0x00, 0x00, 0x00, 0x00, 0xc7, 0x83, 0x5c, 0x01, 0x00, 0x00,
  0x00, 0x00, 0x00, 0x00, 0x89, 0x83, 0xc0, 0x00, 0x00, 0x00, 0x48, 0xc7,
  0x83, 0xc8, 0x00, 0x00, 0x00, 0x00, 0x00, 0x00, 0x00, 0xc7, 0x83, 0xd0,
  0x00, 0x00, 0x00, 0x00, 0x00, 0x00, 0x00, 0xc7, 0x83, 0xd8, 0x00, 0x00,
  0x00, 0x00, 0x00, 0x00, 0x00, 0x41, 0xff, 0xd4, 0x66, 0x0f, 0x6f, 0x45,
  0xe0, 0x66, 0x0f, 0x6f, 0x4d, 0xd0, 0x31, 0xf6, 0x48, 0x8d, 0x83, 0xb0,
  0x00, 0x00, 0x00, 0xba, 0x08, 0x00, 0x00, 0x00, 0x48, 0xc7, 0x83, 0x60,
  0x01, 0x00, 0x00, 0x00, 0x00, 0x00, 0x00, 0x48, 0x8d, 0xbb, 0x04, 0x02,
  0x00, 0x00, 0x48, 0x89, 0x83, 0xe8, 0x00, 0x00, 0x00, 0x48, 0xb8, 0x8c,
  0x20, 0x00, 0x00, 0x80, 0x00, 0x00, 0x00, 0x8b, 0x00, 0x0f, 0x29, 0x83,
  0xf0, 0x00, 0x00, 0x00, 0x0f, 0x29, 0x8b, 0x00, 0x01, 0x00, 0x00, 0x48,
  0xc7, 0x83, 0x68, 0x01, 0x00, 0x00, 0x00, 0x00, 0x00, 0x00, 0xc7, 0x83,
  0x0c, 0x02, 0x00, 0x00, 0x00, 0x00, 0x00, 0x00, 0x89, 0x83, 0x70, 0x01,
  0x00, 0x00, 0x48, 0xc7, 0x83, 0x78, 0x01, 0x00, 0x00, 0x00, 0x00, 0x00,
  0x00, 0xc7, 0x83, 0x80, 0x01, 0x00, 0x00, 0x00, 0x00, 0x00, 0x00, 0xc7,
  0x83, 0x88, 0x01, 0x00, 0x00, 0x00, 0x00, 0x00, 0x00, 0x41, 0xff, 0xd4,
  0x66, 0x0f, 0x6f, 0x45, 0xe0, 0x66, 0x0f, 0x6f, 0x4d, 0xd0, 0x48, 0x8d,
  0x83, 0x60, 0x01, 0x00, 0x00, 0x48, 0x89, 0x83, 0x98, 0x01, 0x00, 0x00,
  0x0f, 0x29, 0x83, 0xa0, 0x01, 0x00, 0x00, 0x0f, 0x29, 0x8b, 0xb0, 0x01,
  0x00, 0x00, 0x48, 0x83, 0xc4, 0x20, 0x5b, 0x41, 0x5c, 0x5d, 0xc3, 0x0f,
  0x1f, 0x44, 0x00, 0x00, 0x48, 0xb8, 0x30, 0x32, 0x00, 0x00, 0x80, 0x00,
  0x00, 0x00, 0x55, 0x48, 0x89, 0xe5, 0x41, 0x56, 0x49, 0x89, 0xfe, 0x53,
  0x48, 0x83, 0xec, 0x10, 0x48, 0x83, 0x38, 0x00, 0x0f, 0x84, 0x38, 0x01,
  0x00, 0x00, 0x48, 0xb9, 0xb0, 0x20, 0x00, 0x00, 0x80, 0x00, 0x00, 0x00,
  0x8b, 0x41, 0x08, 0x85, 0xc0, 0x0f, 0x8e, 0xb9, 0x00, 0x00, 0x00, 0x48,
  0x69, 0xc0, 0xb0, 0x00, 0x00, 0x00, 0x48, 0x8b, 0x59, 0x10, 0x48, 0x01,
  0xd8, 0xeb, 0x19, 0x66, 0x0f, 0x1f, 0x84, 0x00, 0x00, 0x00, 0x00, 0x00,
  0x48, 0x81, 0xc3, 0xb0, 0x00, 0x00, 0x00, 0x48, 0x39, 0xd8, 0x0f, 0x84,
  0x90, 0x00, 0x00, 0x00, 0x66, 0x83, 0x7b, 0x10, 0x00, 0x75, 0xe9, 0x48,
  0xc7, 0x03, 0x00, 0x00, 0x00, 0x00, 0xba, 0x08, 0x00, 0x00, 0x00, 0x31,
  0xf6, 0x48, 0xb8, 0x90, 0x20, 0x00, 0x00, 0x80, 0x00, 0x00, 0x00, 0x8b,
  0x00, 0x48, 0xc7, 0x43, 0x08, 0x00, 0x00, 0x00, 0x00, 0x48, 0x8d, 0xbb,
  0xa4, 0x00, 0x00, 0x00, 0xc7, 0x83, 0xac, 0x00, 0x00, 0x00, 0x00, 0x00,
  0x00, 0x00, 0x89, 0x43, 0x10, 0x48, 0xb8, 0x70, 0x11, 0x00, 0x00, 0x80,
  0x00, 0x00, 0x00, 0x48, 0xc7, 0x43, 0x18, 0x00, 0x00, 0x00, 0x00, 0xc7,
  0x43, 0x20, 0x00, 0x00, 0x00, 0x00, 0xc7, 0x43, 0x28, 0x00, 0x00, 0x00,
  0x00, 0xff, 0xd0, 0x48, 0xc7, 0x43, 0x60, 0x00, 0x00, 0x00, 0x00, 0xc7,
  0x43, 0x68, 0x00, 0x00, 0x00, 0x00, 0x48, 0xc7, 0x83, 0x80, 0x00, 0x00,
  0x00, 0x00, 0x00, 0x00, 0x00, 0xc7, 0x83, 0x88, 0x00, 0x00, 0x00, 0x00,
  0x00, 0x00, 0x00, 0x48, 0x83, 0xc4, 0x10, 0x48, 0x89, 0xd8, 0x5b, 0x41,
  0x5e, 0x5d, 0xc3, 0x90, 0x48, 0x8b, 0x19, 0x48, 0x85, 0xdb, 0x74, 0x08,
  0x48, 0x89, 0xd9, 0xe9, 0x2c, 0xff, 0xff, 0xff, 0x48, 0x89, 0x4d, 0xe8,
  0xbe, 0xd8, 0x02, 0x00, 0x00, 0x4c, 0x89, 0xf7, 0x48, 0xb8, 0x60, 0x14,
  0x00, 0x00, 0x80, 0x00, 0x00, 0x00, 0xff, 0xd0, 0x48, 0x8b, 0x4d, 0xe8,
  0x48, 0x85, 0xc0, 0x48, 0x89, 0xc3, 0x74, 0x47, 0x48, 0x8d, 0x78, 0x18,
  0x48, 0x89, 0x4d, 0xe8, 0xba, 0xc0, 0x02, 0x00, 0x00, 0x31, 0xf6, 0x48,
  0xc7, 0x00, 0x00, 0x00, 0x00, 0x00, 0xc7, 0x40, 0x08, 0x04, 0x00, 0x00,
  0x00, 0x48, 0x89, 0x78, 0x10, 0x48, 0xb8, 0x70, 0x11, 0x00, 0x00, 0x80,
  0x00, 0x00, 0x00, 0xff, 0xd0, 0x48, 0x8b, 0x4d, 0xe8, 0x48, 0x89, 0x19,
  0xeb, 0x9e, 0x48, 0xb8, 0xd0, 0x06, 0x00, 0x00, 0x80, 0x00, 0x00, 0x00,
  0xff, 0xd0, 0xe9, 0xb7, 0xfe, 0xff, 0xff, 0x48, 0xc7, 0x01, 0x00, 0x00,
  0x00, 0x00, 0x41, 0xc7, 0x06, 0x0c, 0x00, 0x00, 0x00, 0xe9, 0x65, 0xff,
  0xff, 0xff, 0x66, 0x90, 0x48, 0x83, 0x7f, 0x40, 0x00, 0x74, 0x09, 0xc3,
  0x0f, 0x1f, 0x84, 0x00, 0x00, 0x00, 0x00, 0x00, 0x48, 0xb8, 0x40, 0x06,
  0x00, 0x00, 0x80, 0x00, 0x00, 0x00, 0x48, 0x89, 0x47, 0x40, 0x48, 0xb8,
  0x30, 0x32, 0x00, 0x00, 0x80, 0x00, 0x00, 0x00, 0x48, 0x83, 0x38, 0x00,
  0x75, 0xd9, 0x48, 0xb8, 0xd0, 0x06, 0x00, 0x00, 0x80, 0x00, 0x00, 0x00,
  0xff, 0xe0, 0x66, 0x0f, 0x1f, 0x44, 0x00, 0x00, 0xc3, 0x66, 0x66, 0x2e,
  0x0f, 0x1f, 0x84, 0x00, 0x00, 0x00, 0x00, 0x00, 0x0f, 0x1f, 0x40, 0x00,
  0xc3, 0x66, 0x66, 0x2e, 0x0f, 0x1f, 0x84, 0x00, 0x00, 0x00, 0x00, 0x00,
  0x0f, 0x1f, 0x40, 0x00, 0x48, 0xba, 0xb0, 0x20, 0x00, 0x00, 0x80, 0x00,
  0x00, 0x00, 0x31, 0xff, 0x48, 0xbe, 0x00, 0x06, 0x00, 0x00, 0x80, 0x00,
  0x00, 0x00, 0x48, 0xb8, 0x10, 0x0b, 0x00, 0x00, 0x80, 0x00, 0x00, 0x00,
  0xff, 0xe0, 0x66, 0x66, 0x2e, 0x0f, 0x1f, 0x84, 0x00, 0x00, 0x00, 0x00,
  0x00, 0x0f, 0x1f, 0x00, 0x48, 0xba, 0xb0, 0x20, 0x00, 0x00, 0x80, 0x00,
  0x00, 0x00, 0x31, 0xff, 0x48, 0xbe, 0xc0, 0x06, 0x00, 0x00, 0x80, 0x00,
  0x00, 0x00, 0x48, 0xb8, 0x10, 0x0b, 0x00, 0x00, 0x80, 0x00, 0x00, 0x00,
  0xff, 0xe0, 0x66, 0x2e, 0x0f, 0x1f, 0x84, 0x00, 0x00, 0x00, 0x00, 0x00,
  0x0f, 0x1f, 0x40, 0x00, 0x55, 0x48, 0x89, 0xe5, 0x41, 0x57, 0x49, 0x89,
  0xff, 0x41, 0x56, 0x41, 0x55, 0x49, 0x89, 0xd5, 0x41, 0x54, 0x45, 0x31,
  0xe4, 0x53, 0x48, 0x83, 0xec, 0x18, 0x48, 0x89, 0x75, 0xc8, 0x66, 0x90,
  0x41, 0x8b, 0x55, 0x08, 0x85, 0xd2, 0x7e, 0x3e, 0x48, 0x69, 0xd2, 0xb0,
  0x00, 0x00, 0x00, 0x49, 0x8b, 0x5d, 0x10, 0x4c, 0x8d, 0x34, 0x13, 0x66,
  0x0f, 0x1f, 0x84, 0x00, 0x00, 0x00, 0x00, 0x00, 0x66, 0x83, 0x7b, 0x10,
  0x01, 0x76, 0x13, 0x66, 0x83, 0x7b, 0x12, 0xff, 0x74, 0x0c, 0x48, 0x89,
  0xde, 0x4c, 0x89, 0xff, 0xff, 0x55, 0xc8, 0x41, 0x09, 0xc4, 0x48, 0x81,
  0xc3, 0xb0, 0x00, 0x00, 0x00, 0x4c, 0x39, 0xf3, 0x75, 0xda, 0x4d, 0x8b,
  0x6d, 0x00, 0x4d, 0x85, 0xed, 0x75, 0xb1, 0x48, 0x83, 0xc4, 0x18, 0x44,
  0x89, 0xe0, 0x5b, 0x41, 0x5c, 0x41, 0x5d, 0x41, 0x5e, 0x41, 0x5f, 0x5d,
  0xc3, 0x66, 0x2e, 0x0f, 0x1f, 0x84, 0x00, 0x00, 0x00, 0x00, 0x00, 0x0f,
  0x1f, 0x44, 0x00, 0x00, 0x48, 0xb8, 0x10, 0x10, 0x00, 0x00, 0x80, 0x00,
  0x00, 0x00, 0x55, 0x48, 0x63, 0xc9, 0x48, 0x89, 0xe5, 0x53, 0x48, 0x89,
  0xf3, 0x48, 0x83, 0xec, 0x08, 0x0f, 0xbf, 0x76, 0x12, 0xff, 0xd0, 0x48,
  0x85, 0xc0, 0x78, 0x14, 0x48, 0x01, 0x83, 0x98, 0x00, 0x00, 0x00, 0x48,
  0x8b, 0x5d, 0xf8, 0xc9, 0xc3, 0x0f, 0x1f, 0x80, 0x00, 0x00, 0x00, 0x00,
  0x66, 0x81, 0x63, 0x10, 0xff, 0xef, 0x48, 0x8b, 0x5d, 0xf8, 0xc9, 0xc3,
  0x66, 0x66, 0x2e, 0x0f, 0x1f, 0x84, 0x00, 0x00, 0x00, 0x00, 0x00, 0x90,
  0x31, 0xc0, 0xc3, 0x66, 0x66, 0x2e, 0x0f, 0x1f, 0x84, 0x00, 0x00, 0x00,
  0x00, 0x00, 0x66, 0x90, 0x55, 0x49, 0x89, 0xf0, 0x49, 0x89, 0xd2, 0x41,
  0x89, 0xc9, 0x48, 0x89, 0xe5, 0x48, 0x83, 0xec, 0x20, 0x0f, 0xb7, 0x46,
  0x10, 0xf6, 0xc4, 0x01, 0x75, 0x26, 0x80, 0xe4, 0xef, 0x41, 0x0f, 0xbf,
  0x70, 0x12, 0x49, 0x63, 0xc9, 0x4c, 0x89, 0xd2, 0x66, 0x41, 0x89, 0x40,
  0x10, 0x48, 0xb8, 0x70, 0x10, 0x00, 0x00, 0x80, 0x00, 0x00, 0x00, 0xff,
  0xd0, 0xc9, 0xc3, 0x0f, 0x1f, 0x44, 0x00, 0x00, 0x89, 0x4d, 0xe4, 0x0f,
  0xbf, 0x76, 0x12, 0xb9, 0x02, 0x00, 0x00, 0x00, 0x48, 0xb8, 0xb0, 0x0f,
  0x00, 0x00, 0x80, 0x00, 0x00, 0x00, 0x48, 0x89, 0x55, 0xe8, 0x31, 0xd2,
  0x4c, 0x89, 0x45, 0xf0, 0x48, 0x89, 0x7d, 0xf8, 0xff, 0xd0, 0x4c, 0x8b,
  0x45, 0xf0, 0x44, 0x8b, 0x4d, 0xe4, 0x4c, 0x8b, 0x55, 0xe8, 0x48, 0x8b,
  0x7d, 0xf8, 0x41, 0x0f, 0xb7, 0x40, 0x10, 0xeb, 0x9d, 0x0f, 0x1f, 0x00,
  0x48, 0xb8, 0xb0, 0x0f, 0x00, 0x00, 0x80, 0x00, 0x00, 0x00, 0x55, 0x48,
  0x89, 0xe5, 0x53, 0x48, 0x89, 0xf3, 0x48, 0x83, 0xec, 0x08, 0x0f, 0xbf,
  0x76, 0x12, 0xff, 0xd0, 0x48, 0x89, 0xc2, 0x0f, 0xb7, 0x43, 0x10, 0x48,
  0x83, 0xfa, 0xff, 0x74, 0x17, 0x80, 0xcc, 0x10, 0x48, 0x89, 0x93, 0x98,
  0x00, 0x00, 0x00, 0x66, 0x89, 0x43, 0x10, 0x48, 0x8b, 0x5d, 0xf8, 0x48,
  0x89, 0xd0, 0xc9, 0xc3, 0x80, 0xe4, 0xef, 0x66, 0x89, 0x43, 0x10, 0x48,
  0x8b, 0x5d, 0xf8, 0x48, 0x89, 0xd0, 0xc9, 0xc3, 0x48, 0xb8, 0x70, 0x0d,
  0x00, 0x00, 0x80, 0x00, 0x00, 0x00, 0x0f, 0xbf, 0x76, 0x12, 0xff, 0xe0,
  0x49, 0x89, 0xf8, 0x48, 0x89, 0xf8, 0x40, 0xf6, 0xc7, 0x07, 0x75, 0x0c,
  0xeb, 0x1a, 0x66, 0x90, 0x48, 0x83, 0xc0, 0x01, 0xa8, 0x07, 0x74, 0x10,
  0x80, 0x38, 0x00, 0x75, 0xf3, 0x4c, 0x29, 0xc0, 0xc3, 0x0f, 0x1f, 0x80,
  0x00, 0x00, 0x00, 0x00, 0x48, 0xbf, 0xff, 0xfe, 0xfe, 0xfe, 0xfe, 0xfe,
  0xfe, 0xfe, 0x48, 0x8b, 0x10, 0x48, 0xbe, 0x80, 0x80, 0x80, 0x80, 0x80,
  0x80, 0x80, 0x80, 0x48, 0x8d, 0x0c, 0x3a, 0x48, 0xf7, 0xd2, 0x48, 0x21,
  0xca, 0x48, 0x85, 0xf2, 0x75, 0x36, 0x66, 0x66, 0x2e, 0x0f, 0x1f, 0x84,
  0x00, 0x00, 0x00, 0x00, 0x00, 0x0f, 0x1f, 0x80, 0x00, 0x00, 0x00, 0x00,
  0x48, 0x8b, 0x50, 0x08, 0x48, 0x83, 0xc0, 0x08, 0x48, 0x8d, 0x0c, 0x3a,
  0x48, 0xf7, 0xd2, 0x48, 0x21, 0xca, 0x48, 0x85, 0xf2, 0x74, 0xe9, 0xeb,
  0x0b, 0x0f, 0x1f, 0x80, 0x00, 0x00, 0x00, 0x00, 0x48, 0x83, 0xc0, 0x01,
  0x80, 0x38, 0x00, 0x75, 0xf7, 0x4c, 0x29, 0xc0, 0xc3, 0x0f, 0x1f, 0x00,
  0x48, 0xb9, 0x38, 0x32, 0x00, 0x00, 0x80, 0x00, 0x00, 0x00, 0x55, 0x48,
  0xb8, 0x10, 0x02, 0x00, 0x00, 0x80, 0x00, 0x00, 0x00, 0x48, 0x89, 0xe5,
  0x53, 0x48, 0x89, 0xfb, 0x89, 0xf7, 0x48, 0x83, 0xec, 0x08, 0xc7, 0x01,
  0x00, 0x00, 0x00, 0x00, 0xff, 0xd0, 0x89, 0xc2, 0x83, 0xf8, 0xff, 0x74,
  0x0f, 0x48, 0x8b, 0x5d, 0xf8, 0x89, 0xd0, 0xc9, 0xc3, 0x0f, 0x1f, 0x80,
  0x00, 0x00, 0x00, 0x00, 0xa1, 0x38, 0x32, 0x00, 0x00, 0x80, 0x00, 0x00,
  0x00, 0x85, 0xc0, 0x74, 0xe4, 0x89, 0x03, 0x48, 0x8b, 0x5d, 0xf8, 0x89,
  0xd0, 0xc9, 0xc3, 0x66, 0x0f, 0x1f, 0x84, 0x00, 0x00, 0x00, 0x00, 0x00,
  0x48, 0xb8, 0xe0, 0x20, 0x00, 0x00, 0x80, 0x00, 0x00, 0x00, 0x48, 0x39,
  0x38, 0x0f, 0x84, 0xb9, 0x01, 0x00, 0x00, 0x55, 0x48, 0x89, 0xe5, 0x41,
  0x56, 0x41, 0x55, 0x41, 0x54, 0x49, 0x89, 0xfc, 0x53, 0x48, 0x8b, 0x47,
  0x38, 0x48, 0x89, 0xc2, 0x48, 0x85, 0xc0, 0x0f, 0x84, 0x76, 0x01, 0x00,
  0x00, 0x49, 0xbd, 0x60, 0x12, 0x00, 0x00, 0x80, 0x00, 0x00, 0x00, 0x48,
  0x8b, 0x70, 0x18, 0x48, 0x85, 0xf6, 0x74, 0x4e, 0x45, 0x31, 0xf6, 0x66,
  0x0f, 0x1f, 0x84, 0x00, 0x00, 0x00, 0x00, 0x00, 0x4a, 0x8b, 0x1c, 0x36,
  0x48, 0x85, 0xdb, 0x74, 0x1d, 0x0f, 0x1f, 0x80, 0x00, 0x00, 0x00, 0x00,
  0x48, 0x89, 0xde, 0x48, 0x8b, 0x1b, 0x4c, 0x89, 0xe7, 0x41, 0xff, 0xd5,
  0x48, 0x85, 0xdb, 0x75, 0xef, 0x49, 0x8b, 0x44, 0x24, 0x38, 0x49, 0x83,
  0xc6, 0x08, 0x48, 0x8b, 0x70, 0x18, 0x49, 0x81, 0xfe, 0x00, 0x02, 0x00,
  0x00, 0x75, 0xc9, 0x4c, 0x89, 0xe7, 0x41, 0xff, 0xd5, 0x49, 0x8b, 0x54,
  0x24, 0x38, 0x48, 0x8b, 0x32, 0x48, 0x85, 0xf6, 0x74, 0x0b, 0x4c, 0x89,
  0xe7, 0x41, 0xff, 0xd5, 0x49, 0x8b, 0x54, 0x24, 0x38, 0x48, 0x8b, 0x5a,
  0x10, 0x48, 0x85, 0xdb, 0x0f, 0x84, 0x1b, 0x01, 0x00, 0x00, 0x66, 0x66,
  0x2e, 0x0f, 0x1f, 0x84, 0x00, 0x00, 0x00, 0x00, 0x00, 0x0f, 0x1f, 0x00,
  0x48, 0x89, 0xde, 0x48, 0x8b, 0x1b, 0x4c, 0x89, 0xe7, 0x41, 0xff, 0xd5,
  0x48, 0x85, 0xdb, 0x75, 0xef, 0x49, 0x8b, 0x74, 0x24, 0x28, 0x48, 0x85,
  0xf6, 0x74, 0x06, 0x4c, 0x89, 0xe7, 0x41, 0xff, 0xd5, 0x49, 0x8b, 0x54,
  0x24, 0x38, 0x48, 0x85, 0xd2, 0x74, 0x09, 0x48, 0x89, 0xd6, 0x4c, 0x89,
  0xe7, 0x41, 0xff, 0xd5, 0x49, 0x8b, 0x74, 0x24, 0x58, 0x48, 0x85, 0xf6,
  0x74, 0x0f, 0x48, 0xb8, 0x60, 0x12, 0x00, 0x00, 0x80, 0x00, 0x00, 0x00,
  0x4c, 0x89, 0xe7, 0xff, 0xd0, 0x49, 0x8b, 0x74, 0x24, 0x60, 0x48, 0x85,
  0xf6, 0x74, 0x0f, 0x48, 0xb8, 0x60, 0x12, 0x00, 0x00, 0x80, 0x00, 0x00,
  0x00, 0x4c, 0x89, 0xe7, 0xff, 0xd0, 0x49, 0x8b, 0x74, 0x24, 0x68, 0x48,
  0x85, 0xf6, 0x74, 0x0f, 0x48, 0xb8, 0x60, 0x12, 0x00, 0x00, 0x80, 0x00,
  0x00, 0x00, 0x4c, 0x89, 0xe7, 0xff, 0xd0, 0x49, 0x8b, 0xb4, 0x24, 0x88,
  0x00, 0x00, 0x00, 0x48, 0x85, 0xf6, 0x74, 0x0f, 0x48, 0xb8, 0x60, 0x12,
  0x00, 0x00, 0x80, 0x00, 0x00, 0x00, 0x4c, 0x89, 0xe7, 0xff, 0xd0, 0x49,
  0x8b, 0xb4, 0x24, 0x80, 0x00, 0x00, 0x00, 0x48, 0x85, 0xf6, 0x74, 0x0f,
  0x48, 0xb8, 0x60, 0x12, 0x00, 0x00, 0x80, 0x00, 0x00, 0x00, 0x4c, 0x89,
  0xe7, 0xff, 0xd0, 0x49, 0x8b, 0x74, 0x24, 0x50, 0x48, 0x85, 0xf6, 0x74,
  0x0f, 0x48, 0xb8, 0x60, 0x12, 0x00, 0x00, 0x80, 0x00, 0x00, 0x00, 0x4c,
  0x89, 0xe7, 0xff, 0xd0, 0x49, 0x8b, 0x44, 0x24, 0x40, 0x48, 0x85, 0xc0,
  0x74, 0x29, 0x5b, 0x4c, 0x89, 0xe7, 0x41, 0x5c, 0x41, 0x5d, 0x41, 0x5e,
  0x5d, 0xff, 0xe0, 0x49, 0xbd, 0x60, 0x12, 0x00, 0x00, 0x80, 0x00, 0x00,
  0x00, 0x48, 0x8b, 0x77, 0x28, 0x48, 0x85, 0xf6, 0x0f, 0x85, 0x1d, 0xff,
  0xff, 0xff, 0xe9, 0x31, 0xff, 0xff, 0xff, 0x5b, 0x41, 0x5c, 0x41, 0x5d,
  0x41, 0x5e, 0x5d, 0xc3, 0xc3, 0x49, 0x8b, 0x74, 0x24, 0x28, 0x48, 0x85,
  0xf6, 0x0f, 0x85, 0x00, 0xff, 0xff, 0xff, 0xe9, 0x0b, 0xff, 0xff, 0xff,
  0x48, 0xb8, 0x50, 0x02, 0x00, 0x00, 0x80, 0x00, 0x00, 0x00, 0x55, 0x48,
  0x89, 0xe5, 0x53, 0x48, 0x89, 0xfb, 0x89, 0xf7, 0x48, 0x89, 0xd6, 0x89,
  0xca, 0x48, 0xb9, 0x38, 0x32, 0x00, 0x00, 0x80, 0x00, 0x00, 0x00, 0x48,
  0x83, 0xec, 0x08, 0xc7, 0x01, 0x00, 0x00, 0x00, 0x00, 0xff, 0xd0, 0x48,
  0x89, 0xc2, 0x48, 0x83, 0xf8, 0xff, 0x74, 0x10, 0x48, 0x8b, 0x5d, 0xf8,
  0x48, 0x89, 0xd0, 0xc9, 0xc3, 0x0f, 0x1f, 0x80, 0x00, 0x00, 0x00, 0x00,
  0xa1, 0x38, 0x32, 0x00, 0x00, 0x80, 0x00, 0x00, 0x00, 0x85, 0xc0, 0x74,
  0xe3, 0x89, 0x03, 0x48, 0x8b, 0x5d, 0xf8, 0x48, 0x89, 0xd0, 0xc9, 0xc3,
  0x48, 0xb8, 0x90, 0x00, 0x00, 0x00, 0x80, 0x00, 0x00, 0x00, 0x55, 0x48,
  0x89, 0xe5, 0x53, 0x48, 0x89, 0xfb, 0x89, 0xf7, 0x48, 0x89, 0xd6, 0x48,
  0x89, 0xca, 0x48, 0xb9, 0x38, 0x32, 0x00, 0x00, 0x80, 0x00, 0x00, 0x00,
  0x48, 0x83, 0xec, 0x08, 0xc7, 0x01, 0x00, 0x00, 0x00, 0x00, 0xff, 0xd0,
  0x48, 0x63, 0xd0, 0x83, 0xf8, 0xff, 0x74, 0x10, 0x48, 0x8b, 0x5d, 0xf8,
  0x48, 0x89, 0xd0, 0xc9, 0xc3, 0x0f, 0x1f, 0x80, 0x00, 0x00, 0x00, 0x00,
  0xa1, 0x38, 0x32, 0x00, 0x00, 0x80, 0x00, 0x00, 0x00, 0x85, 0xc0, 0x74,
  0xe3, 0x89, 0x03, 0x48, 0x8b, 0x5d, 0xf8, 0x48, 0x89, 0xd0, 0xc9, 0xc3,
  0x48, 0xb8, 0x80, 0x00, 0x00, 0x00, 0x80, 0x00, 0x00, 0x00, 0x55, 0x48,
  0x89, 0xe5, 0x53, 0x48, 0x89, 0xfb, 0x89, 0xf7, 0x48, 0x89, 0xd6, 0x48,
  0x89, 0xca, 0x48, 0xb9, 0x38, 0x32, 0x00, 0x00, 0x80, 0x00, 0x00, 0x00,
  0x48, 0x83, 0xec, 0x08, 0xc7, 0x01, 0x00, 0x00, 0x00, 0x00, 0xff, 0xd0,
  0x48, 0x63, 0xd0, 0x83, 0xf8, 0xff, 0x74, 0x10, 0x48, 0x8b, 0x5d, 0xf8,
  0x48, 0x89, 0xd0, 0xc9, 0xc3, 0x0f, 0x1f, 0x80, 0x00, 0x00, 0x00, 0x00,
  0xa1, 0x38, 0x32, 0x00, 0x00, 0x80, 0x00, 0x00, 0x00, 0x85, 0xc0, 0x74,
  0xe3, 0x89, 0x03, 0x48, 0x8b, 0x5d, 0xf8, 0x48, 0x89, 0xd0, 0xc9, 0xc3,
  0x48, 0xa1, 0xe0, 0x20, 0x00, 0x00, 0x80, 0x00, 0x00, 0x00, 0xc3, 0x0f,
  0x1f, 0x44, 0x00, 0x00, 0x55, 0x48, 0x89, 0xe5, 0x41, 0x55, 0x49, 0xbd,
  0x00, 0x00, 0x00, 0x00, 0x00, 0x00, 0x00, 0x00, 0x41, 0x54, 0x49, 0xbc,
  0x00, 0x00, 0x00, 0x00, 0x00, 0x00, 0x00, 0x00, 0x53, 0x48, 0x83, 0xec,
  0x08, 0x4d, 0x39, 0xec, 0x74, 0x18, 0x4d, 0x29, 0xec, 0x31, 0xdb, 0x49,
  0xc1, 0xfc, 0x03, 0x90, 0x41, 0xff, 0x54, 0xdd, 0x00, 0x48, 0x83, 0xc3,
  0x01, 0x4c, 0x39, 0xe3, 0x72, 0xf2, 0x49, 0xbc, 0x00, 0x00, 0x00, 0x00,
  0x00, 0x00, 0x00, 0x00, 0x49, 0xbd, 0x00, 0x00, 0x00, 0x00, 0x00, 0x00,
  0x00, 0x00, 0x48, 0xb8, 0x60, 0x00, 0x00, 0x00, 0x80, 0x00, 0x00, 0x00,
  0xff, 0xd0, 0x4d, 0x39, 0xec, 0x74, 0x1b, 0x4d, 0x29, 0xec, 0x31, 0xdb,
  0x49, 0xc1, 0xfc, 0x03, 0x0f, 0x1f, 0x40, 0x00, 0x41, 0xff, 0x54, 0xdd,
  0x00, 0x48, 0x83, 0xc3, 0x01, 0x4c, 0x39, 0xe3, 0x72, 0xf2, 0x48, 0x83,
  0xc4, 0x08, 0x5b, 0x41, 0x5c, 0x41, 0x5d, 0x5d, 0xc3, 0x0f, 0x1f, 0x80,
  0x00, 0x00, 0x00, 0x00, 0x49, 0x89, 0xf9, 0x48, 0x89, 0xf0, 0x48, 0x89,
  0xd1, 0x48, 0x83, 0xfa, 0x10, 0x0f, 0x82, 0xa8, 0x00, 0x00, 0x00, 0x49,
  0x89, 0xf8, 0x49, 0x83, 0xe0, 0x07, 0x74, 0x12, 0x48, 0xc7, 0xc1, 0x08,
  0x00, 0x00, 0x00, 0x4c, 0x29, 0xc1, 0x48, 0x29, 0xca, 0xf3, 0xaa, 0x48,
  0x89, 0xd1, 0x49, 0xb8, 0x01, 0x01, 0x01, 0x01, 0x01, 0x01, 0x01, 0x01,
  0x40, 0x0f, 0xb6, 0xc6, 0x49, 0x0f, 0xaf, 0xc0, 0x48, 0x81, 0xfa, 0x00,
  0x01, 0x00, 0x00, 0x72, 0x78, 0x48, 0xc1, 0xe9, 0x07, 0x0f, 0x1f, 0x00,
  0x48, 0x0f, 0xc3, 0x07, 0x48, 0x0f, 0xc3, 0x47, 0x08, 0x48, 0x0f, 0xc3,
  0x47, 0x10, 0x48, 0x0f, 0xc3, 0x47, 0x18, 0x48, 0x0f, 0xc3, 0x47, 0x20,
  0x48, 0x0f, 0xc3, 0x47, 0x28, 0x48, 0x0f, 0xc3, 0x47, 0x30, 0x48, 0x0f,
  0xc3, 0x47, 0x38, 0x48, 0x0f, 0xc3, 0x47, 0x40, 0x48, 0x0f, 0xc3, 0x47,
  0x48, 0x48, 0x0f, 0xc3, 0x47, 0x50, 0x48, 0x0f, 0xc3, 0x47, 0x58, 0x48,
  0x0f, 0xc3, 0x47, 0x60, 0x48, 0x0f, 0xc3, 0x47, 0x68, 0x48, 0x0f, 0xc3,
  0x47, 0x70, 0x48, 0x0f, 0xc3, 0x47, 0x78, 0x48, 0x8d, 0xbf, 0x80, 0x00,
  0x00, 0x00, 0x48, 0xff, 0xc9, 0x75, 0xa5, 0x0f, 0xae, 0xf8, 0x48, 0x89,
  0xd1, 0x48, 0x83, 0xe1, 0x7f, 0xf3, 0xaa, 0x4c, 0x89, 0xc8, 0xc3, 0xf3,
  0xaa, 0x4c, 0x89, 0xc8, 0xc3, 0x48, 0xc1, 0xe9, 0x03, 0x66, 0x66, 0x2e,
  0x0f, 0x1f, 0x84, 0x00, 0x00, 0x00, 0x00, 0x00, 0xf3, 0x48, 0xab, 0x48,
  0x89, 0xd1, 0x48, 0x83, 0xe1, 0x07, 0xf3, 0xaa, 0x4c, 0x89, 0xc8, 0xc3,
  0x66, 0x2e, 0x0f, 0x1f, 0x84, 0x00, 0x00, 0x00, 0x00, 0x00, 0x66, 0x0f,
  0x1f, 0x44, 0x00, 0x00, 0x48, 0x85, 0xf6, 0x0f, 0x84, 0xef, 0x00, 0x00,
  0x00, 0x55, 0x48, 0x89, 0xe5, 0x41, 0x54, 0x49, 0x89, 0xfc, 0x53, 0x48,
  0x8b, 0x46, 0xf8, 0x48, 0x8d, 0x5e, 0xf8, 0x48, 0x8d, 0x14, 0x03, 0x48,
  0x85, 0xc0, 0x48, 0xb8, 0x80, 0x16, 0x00, 0x00, 0x80, 0x00, 0x00, 0x00,
  0x48, 0x0f, 0x48, 0xda, 0xff, 0xd0, 0x48, 0xa1, 0x48, 0x32, 0x00, 0x00,
  0x80, 0x00, 0x00, 0x00, 0x48, 0x85, 0xc0, 0x0f, 0x84, 0xdb, 0x00, 0x00,
  0x00, 0x48, 0x39, 0xc3, 0x72, 0x56, 0x66, 0x66, 0x2e, 0x0f, 0x1f, 0x84,
  0x00, 0x00, 0x00, 0x00, 0x00, 0x66, 0x66, 0x2e, 0x0f, 0x1f, 0x84, 0x00,
  0x00, 0x00, 0x00, 0x00, 0x48, 0x89, 0xc2, 0x48, 0x8b, 0x40, 0x08, 0x48,
  0x85, 0xc0, 0x74, 0x05, 0x48, 0x39, 0xc3, 0x73, 0xef, 0x48, 0x8b, 0x0a,
  0x48, 0x8d, 0x34, 0x0a, 0x48, 0x39, 0xde, 0x0f, 0x84, 0x7f, 0x00, 0x00,
  0x00, 0x48, 0x39, 0xf3, 0x0f, 0x82, 0xb6, 0x00, 0x00, 0x00, 0x48, 0x8b,
  0x0b, 0x48, 0x8d, 0x34, 0x0b, 0x48, 0x39, 0xf0, 0x74, 0x3a, 0x48, 0x89,
  0x43, 0x08, 0x48, 0x89, 0x5a, 0x08, 0xeb, 0x1d, 0x48, 0x8b, 0x13, 0x48,
  0x8d, 0x0c, 0x13, 0x48, 0x39, 0xc8, 0x74, 0x3c, 0x48, 0x89, 0x43, 0x08,
  0x48, 0x89, 0xd8, 0x48, 0xa3, 0x48, 0x32, 0x00, 0x00, 0x80, 0x00, 0x00,
  0x00, 0x48, 0xb8, 0x90, 0x16, 0x00, 0x00, 0x80, 0x00, 0x00, 0x00, 0x5b,
  0x4c, 0x89, 0xe7, 0x41, 0x5c, 0x5d, 0xff, 0xe0, 0x48, 0x03, 0x08, 0x48,
  0x8b, 0x40, 0x08, 0x48, 0x89, 0x0b, 0x48, 0x89, 0x43, 0x08, 0x48, 0x89,
  0x5a, 0x08, 0xeb, 0xd9, 0x0f, 0x1f, 0x40, 0x00, 0x48, 0x03, 0x10, 0x48,
  0x8b, 0x40, 0x08, 0x48, 0x89, 0x13, 0xeb, 0xb8, 0x0f, 0x1f, 0x40, 0x00,
  0xc3, 0x0f, 0x1f, 0x80, 0x00, 0x00, 0x00, 0x00, 0x48, 0x03, 0x0b, 0x48,
  0x8d, 0x34, 0x0a, 0x48, 0x89, 0x0a, 0x48, 0x39, 0xf0, 0x75, 0xae, 0x48,
  0x03, 0x08, 0x48, 0x8b, 0x40, 0x08, 0x48, 0x89, 0x0a, 0x48, 0x89, 0x42,
  0x08, 0xeb, 0x9e, 0x90, 0x48, 0x89, 0xd8, 0x48, 0xc7, 0x43, 0x08, 0x00,
  0x00, 0x00, 0x00, 0x48, 0xa3, 0x48, 0x32, 0x00, 0x00, 0x80, 0x00, 0x00,
  0x00, 0xeb, 0x86, 0x66, 0x0f, 0x1f, 0x84, 0x00, 0x00, 0x00, 0x00, 0x00,
  0x41, 0xc7, 0x04, 0x24, 0x0c, 0x00, 0x00, 0x00, 0xe9, 0x70, 0xff, 0xff,
  0xff, 0x66, 0x2e, 0x0f, 0x1f, 0x84, 0x00, 0x00, 0x00, 0x00, 0x00, 0x66,
  0x0f, 0x1f, 0x84, 0x00, 0x00, 0x00, 0x00, 0x00, 0x48, 0xba, 0x40, 0x32,
  0x00, 0x00, 0x80, 0x00, 0x00, 0x00, 0x55, 0x48, 0x89, 0xf1, 0x48, 0x89,
  0xe5, 0x41, 0x54, 0x49, 0x89, 0xfc, 0x53, 0x48, 0xbb, 0x70, 0x1b, 0x00,
  0x00, 0x80, 0x00, 0x00, 0x00, 0x48, 0x83, 0xec, 0x10, 0x48, 0x83, 0x3a,
  0x00, 0x74, 0x5d, 0x48, 0x89, 0xce, 0x4c, 0x89, 0xe7, 0xff, 0xd3, 0x48,
  0x83, 0xf8, 0xff, 0x74, 0x37, 0x48, 0x8d, 0x50, 0x07, 0x48, 0x83, 0xe2,
  0xf8, 0x48, 0x39, 0xd0, 0x74, 0x19, 0x48, 0x89, 0xd6, 0x48, 0x89, 0x55,
  0xe8, 0x4c, 0x89, 0xe7, 0x48, 0x29, 0xc6, 0xff, 0xd3, 0x48, 0x8b, 0x55,
  0xe8, 0x48, 0x83, 0xf8, 0xff, 0x74, 0x11, 0x48, 0x83, 0xc4, 0x10, 0x48,
  0x89, 0xd0, 0x5b, 0x41, 0x5c, 0x5d, 0xc3, 0x0f, 0x1f, 0x44, 0x00, 0x00,
  0x48, 0x83, 0xc4, 0x10, 0x48, 0xc7, 0xc2, 0xff, 0xff, 0xff, 0xff, 0x5b,
  0x48, 0x89, 0xd0, 0x41, 0x5c, 0x5d, 0xc3, 0x0f, 0x1f, 0x44, 0x00, 0x00,
  0x48, 0x89, 0x75, 0xe8, 0x31, 0xf6, 0xff, 0xd3, 0x48, 0x8b, 0x4d, 0xe8,
  0x48, 0xa3, 0x40, 0x32, 0x00, 0x00, 0x80, 0x00, 0x00, 0x00, 0xeb, 0x8b,
  0x55, 0x48, 0x8d, 0x46, 0x07, 0x48, 0x83, 0xe0, 0xf8, 0x48, 0x83, 0xc0,
  0x08, 0x48, 0x89, 0xe5, 0x41, 0x56, 0x41, 0x55, 0x41, 0x54, 0x41, 0xbc,
  0x10, 0x00, 0x00, 0x00, 0x4c, 0x39, 0xe0, 0x53, 0x4c, 0x0f, 0x43, 0xe0,
  0x49, 0x39, 0xf4, 0x0f, 0x82, 0xd3, 0x00, 0x00, 0x00, 0x48, 0x3d, 0xff,
  0xff, 0xff, 0x7f, 0x0f, 0x87, 0xc7, 0x00, 0x00, 0x00, 0x48, 0xb8, 0x80,
  0x16, 0x00, 0x00, 0x80, 0x00, 0x00, 0x00, 0x49, 0x89, 0xfd, 0xff, 0xd0,
  0x48, 0xb9, 0x48, 0x32, 0x00, 0x00, 0x80, 0x00, 0x00, 0x00, 0x48, 0x8b,
  0x11, 0x48, 0x85, 0xd2, 0x74, 0x4e, 0x48, 0x89, 0xd3, 0xeb, 0x10, 0x90,
  0x48, 0x8b, 0x43, 0x08, 0x48, 0x89, 0xda, 0x48, 0x85, 0xc0, 0x74, 0x3c,
  0x48, 0x89, 0xc3, 0x8b, 0x03, 0x44, 0x29, 0xe0, 0x78, 0xea, 0x83, 0xf8,
  0x0f, 0x0f, 0x8e, 0x99, 0x00, 0x00, 0x00, 0x4c, 0x89, 0x23, 0x4a, 0x8d,
  0x34, 0x23, 0x48, 0x98, 0x48, 0x39, 0xda, 0x0f, 0x84, 0x6e, 0x01, 0x00,
  0x00, 0x48, 0x89, 0x72, 0x08, 0x48, 0x89, 0x06, 0x48, 0x8b, 0x43, 0x08,
  0x48, 0x89, 0x46, 0x08, 0xeb, 0x24, 0x66, 0x0f, 0x1f, 0x44, 0x00, 0x00,
  0x48, 0xb8, 0xc0, 0x13, 0x00, 0x00, 0x80, 0x00, 0x00, 0x00, 0x4c, 0x89,
  0xe6, 0x4c, 0x89, 0xef, 0xff, 0xd0, 0x48, 0x89, 0xc3, 0x48, 0x83, 0xf8,
  0xff, 0x74, 0x6d, 0x4c, 0x89, 0x20, 0x48, 0xb8, 0x90, 0x16, 0x00, 0x00,
  0x80, 0x00, 0x00, 0x00, 0x4c, 0x89, 0xef, 0xff, 0xd0, 0x48, 0x8d, 0x43,
  0x0f, 0x48, 0x8d, 0x4b, 0x08, 0x48, 0x83, 0xe0, 0xf8, 0x48, 0x89, 0xc2,
  0x48, 0x29, 0xca, 0x39, 0xc8, 0x74, 0x0c, 0x48, 0x63, 0xca, 0xf7, 0xda,
  0x48, 0x63, 0xd2, 0x48, 0x89, 0x14, 0x0b, 0x5b, 0x41, 0x5c, 0x41, 0x5d,
  0x41, 0x5e, 0x5d, 0xc3, 0xc7, 0x07, 0x0c, 0x00, 0x00, 0x00, 0x31, 0xc0,
  0x5b, 0x41, 0x5c, 0x41, 0x5d, 0x41, 0x5e, 0x5d, 0xc3, 0x0f, 0x1f, 0x80,
  0x00, 0x00, 0x00, 0x00, 0x48, 0x8b, 0x43, 0x08, 0x48, 0x39, 0xda, 0x0f,
  0x84, 0xd2, 0x00, 0x00, 0x00, 0x48, 0x89, 0x42, 0x08, 0xeb, 0x9b, 0x0f,
  0x1f, 0x44, 0x00, 0x00, 0x48, 0xa1, 0x48, 0x32, 0x00, 0x00, 0x80, 0x00,
  0x00, 0x00, 0x48, 0x85, 0xc0, 0x0f, 0x84, 0x96, 0x00, 0x00, 0x00, 0x66,
  0x66, 0x2e, 0x0f, 0x1f, 0x84, 0x00, 0x00, 0x00, 0x00, 0x00, 0x66, 0x90,
  0x48, 0x89, 0xc3, 0x48, 0x8b, 0x40, 0x08, 0x48, 0x85, 0xc0, 0x75, 0xf4,
  0x4c, 0x8b, 0x33, 0x31, 0xf6, 0x4c, 0x89, 0xef, 0x48, 0xb8, 0x70, 0x1b,
  0x00, 0x00, 0x80, 0x00, 0x00, 0x00, 0x49, 0x01, 0xde, 0xff, 0xd0, 0x49,
  0x39, 0xc6, 0x75, 0x61, 0x48, 0xb8, 0xc0, 0x13, 0x00, 0x00, 0x80, 0x00,
  0x00, 0x00, 0x4c, 0x2b, 0x23, 0x4c, 0x89, 0xef, 0x4c, 0x89, 0xe6, 0xff,
  0xd0, 0x48, 0x83, 0xf8, 0xff, 0x74, 0x46, 0x48, 0xb9, 0x48, 0x32, 0x00,
  0x00, 0x80, 0x00, 0x00, 0x00, 0x4c, 0x01, 0x23, 0x48, 0x8b, 0x11, 0x48,
  0x8b, 0x42, 0x08, 0x48, 0x85, 0xc0, 0x74, 0x66, 0x48, 0x39, 0xd8, 0x74,
  0x1b, 0x66, 0x66, 0x2e, 0x0f, 0x1f, 0x84, 0x00, 0x00, 0x00, 0x00, 0x00,
  0x0f, 0x1f, 0x40, 0x00, 0x48, 0x89, 0xc2, 0x48, 0x8b, 0x40, 0x08, 0x48,
  0x39, 0xc3, 0x75, 0xf4, 0x48, 0xc7, 0x42, 0x08, 0x00, 0x00, 0x00, 0x00,
  0xe9, 0xed, 0xfe, 0xff, 0xff, 0x48, 0xb8, 0x90, 0x16, 0x00, 0x00, 0x80,
  0x00, 0x00, 0x00, 0x41, 0xc7, 0x45, 0x00, 0x0c, 0x00, 0x00, 0x00, 0x4c,
  0x89, 0xef, 0xff, 0xd0, 0x31, 0xc0, 0xe9, 0x11, 0xff, 0xff, 0xff, 0x48,
  0x89, 0x01, 0xe9, 0xc7, 0xfe, 0xff, 0xff, 0x48, 0x89, 0x31, 0x48, 0x89,
  0x06, 0x48, 0x8b, 0x43, 0x08, 0x48, 0x89, 0x46, 0x08, 0xe9, 0xb4, 0xfe,
  0xff, 0xff, 0x48, 0xc7, 0x01, 0x00, 0x00, 0x00, 0x00, 0xe9, 0xa8, 0xfe,
  0xff, 0xff, 0x66, 0x90, 0xc3, 0x66, 0x66, 0x2e, 0x0f, 0x1f, 0x84, 0x00,
  0x00, 0x00, 0x00, 0x00, 0x0f, 0x1f, 0x40, 0x00, 0xc3, 0x66, 0x2e, 0x0f,
  0x1f, 0x84, 0x00, 0x00, 0x00, 0x00, 0x00, 0x0f, 0x1f, 0x44, 0x00, 0x00,
  0x55, 0x48, 0x89, 0xe5, 0x41, 0x55, 0x41, 0x54, 0x53, 0x48, 0x83, 0xec,
  0x08, 0x48, 0x85, 0xf6, 0x0f, 0x84, 0xe6, 0x00, 0x00, 0x00, 0x48, 0x89,
  0xf3, 0x49, 0x89, 0xfc, 0x48, 0x85, 0xff, 0x74, 0x0b, 0x48, 0x83, 0x7f,
  0x40, 0x00, 0x0f, 0x84, 0x0c, 0x01, 0x00, 0x00, 0x48, 0xb8, 0x90, 0x0a,
  0x00, 0x00, 0x80, 0x00, 0x00, 0x00, 0xff, 0xd0, 0x66, 0x83, 0x7b, 0x10,
  0x00, 0x0f, 0x84, 0xad, 0x00, 0x00, 0x00, 0x48, 0xb8, 0x10, 0x18, 0x00,
  0x00, 0x80, 0x00, 0x00, 0x00, 0x48, 0x89, 0xde, 0x4c, 0x89, 0xe7, 0xff,
  0xd0, 0x41, 0x89, 0xc5, 0x48, 0x8b, 0x43, 0x58, 0x48, 0x85, 0xc0, 0x74,
  0x14, 0x48, 0x8b, 0x73, 0x38, 0x4c, 0x89, 0xe7, 0xff, 0xd0, 0x85, 0xc0,
  0xb8, 0xff, 0xff, 0xff, 0xff, 0x44, 0x0f, 0x48, 0xe8, 0xf6, 0x43, 0x10,
  0x80, 0x0f, 0x85, 0x91, 0x00, 0x00, 0x00, 0x48, 0x8b, 0x73, 0x60, 0x48,
  0x85, 0xf6, 0x74, 0x20, 0x48, 0x8d, 0x43, 0x7c, 0x48, 0x39, 0xc6, 0x74,
  0x0f, 0x48, 0xb8, 0x60, 0x12, 0x00, 0x00, 0x80, 0x00, 0x00, 0x00, 0x4c,
  0x89, 0xe7, 0xff, 0xd0, 0x48, 0xc7, 0x43, 0x60, 0x00, 0x00, 0x00, 0x00,
  0x48, 0x8b, 0xb3, 0x80, 0x00, 0x00, 0x00, 0x48, 0x85, 0xf6, 0x74, 0x1a,
  0x48, 0xb8, 0x60, 0x12, 0x00, 0x00, 0x80, 0x00, 0x00, 0x00, 0x4c, 0x89,
  0xe7, 0xff, 0xd0, 0x48, 0xc7, 0x83, 0x80, 0x00, 0x00, 0x00, 0x00, 0x00,
  0x00, 0x00, 0x31, 0xc0, 0x66, 0x89, 0x43, 0x10, 0x48, 0xb8, 0xa0, 0x0a,
  0x00, 0x00, 0x80, 0x00, 0x00, 0x00, 0xff, 0xd0, 0x48, 0x83, 0xc4, 0x08,
  0x44, 0x89, 0xe8, 0x5b, 0x41, 0x5c, 0x41, 0x5d, 0x5d, 0xc3, 0x66, 0x90,
  0x48, 0xb8, 0xa0, 0x0a, 0x00, 0x00, 0x80, 0x00, 0x00, 0x00, 0xff, 0xd0,
  0x48, 0x83, 0xc4, 0x08, 0x45, 0x31, 0xed, 0x5b, 0x44, 0x89, 0xe8, 0x41,
  0x5c, 0x41, 0x5d, 0x5d, 0xc3, 0x0f, 0x1f, 0x00, 0x48, 0x8b, 0x73, 0x18,
  0x4c, 0x89, 0xe7, 0x48, 0xb8, 0x60, 0x12, 0x00, 0x00, 0x80, 0x00, 0x00,
  0x00, 0xff, 0xd0, 0x48, 0x8b, 0x73, 0x60, 0x48, 0x85, 0xf6, 0x0f, 0x85,
  0x58, 0xff, 0xff, 0xff, 0xe9, 0x73, 0xff, 0xff, 0xff, 0x0f, 0x1f, 0x00,
  0x48, 0xb8, 0x50, 0x0a, 0x00, 0x00, 0x80, 0x00, 0x00, 0x00, 0xff, 0xd0,
  0xe9, 0xe3, 0xfe, 0xff, 0xff, 0x0f, 0x1f, 0x80, 0x00, 0x00, 0x00, 0x00,
  0x48, 0xb8, 0xe0, 0x20, 0x00, 0x00, 0x80, 0x00, 0x00, 0x00, 0x48, 0x89,
  0xfe, 0x48, 0x8b, 0x38, 0x48, 0xb8, 0xa0, 0x16, 0x00, 0x00, 0x80, 0x00,
  0x00, 0x00, 0xff, 0xe0, 0x0f, 0x1f, 0x40, 0x00, 0x55, 0x48, 0x89, 0xe5,
  0x41, 0x56, 0x49, 0x89, 0xfe, 0x41, 0x55, 0x41, 0x54, 0x53, 0x0f, 0xb7,
  0x46, 0x10, 0x48, 0x89, 0xf3, 0xa8, 0x08, 0x0f, 0x85, 0x13, 0x01, 0x00,
  0x00, 0x89, 0xc1, 0x80, 0xcd, 0x08, 0x66, 0x89, 0x4e, 0x10, 0x8b, 0x76,
  0x08, 0x85, 0xf6, 0x0f, 0x8e, 0x6f, 0x01, 0x00, 0x00, 0x4c, 0x8b, 0x43,
  0x50, 0x4d, 0x85, 0xc0, 0x0f, 0x84, 0xde, 0x00, 0x00, 0x00, 0x45, 0x8b,
  0x26, 0x41, 0xc7, 0x06, 0x00, 0x00, 0x00, 0x00, 0xf6, 0xc4, 0x10, 0x0f,
  0x85, 0x5f, 0x01, 0x00, 0x00, 0x31, 0xd2, 0x48, 0x8b, 0x73, 0x38, 0xb9,
  0x01, 0x00, 0x00, 0x00, 0x4c, 0x89, 0xf7, 0x41, 0xff, 0xd0, 0x48, 0x89,
  0xc2, 0x48, 0x83, 0xf8, 0xff, 0x0f, 0x84, 0x81, 0x01, 0x00, 0x00, 0x0f,
  0xb7, 0x4b, 0x10, 0x4c, 0x8b, 0x43, 0x50, 0x83, 0xe1, 0x04, 0x74, 0x15,
  0x48, 0x63, 0x43, 0x08, 0x48, 0x29, 0xc2, 0x48, 0x83, 0x7b, 0x60, 0x00,
  0x74, 0x07, 0x48, 0x63, 0x43, 0x78, 0x48, 0x29, 0xc2, 0x48, 0x8b, 0x73,
  0x38, 0x31, 0xc9, 0x4c, 0x89, 0xf7, 0x41, 0xff, 0xd0, 0x48, 0x89, 0xc2,
  0x0f, 0xb7, 0x43, 0x10, 0x48, 0x83, 0xfa, 0xff, 0x0f, 0x85, 0x12, 0x01,
  0x00, 0x00, 0x41, 0x8b, 0x0e, 0x83, 0xf9, 0x1d, 0x0f, 0x87, 0xcc, 0x00,
  0x00, 0x00, 0xbe, 0x01, 0x00, 0x40, 0x20, 0x48, 0x0f, 0xa3, 0xce, 0x0f,
  0x83, 0xbd, 0x00, 0x00, 0x00, 0x89, 0xc1, 0xc7, 0x43, 0x08, 0x00, 0x00,
  0x00, 0x00, 0x80, 0xe5, 0xf7, 0x66, 0x89, 0x4b, 0x10, 0x48, 0x8b, 0x4b,
  0x18, 0x48, 0x89, 0x0b, 0xf6, 0xc4, 0x10, 0x74, 0x0b, 0x41, 0x8b, 0x06,
  0x85, 0xc0, 0x0f, 0x84, 0xf0, 0x00, 0x00, 0x00, 0x48, 0x8b, 0x73, 0x60,
  0x45, 0x89, 0x26, 0x48, 0x85, 0xf6, 0x74, 0x20, 0x48, 0x8d, 0x43, 0x7c,
  0x48, 0x39, 0xc6, 0x74, 0x0f, 0x48, 0xb8, 0x60, 0x12, 0x00, 0x00, 0x80,
  0x00, 0x00, 0x00, 0x4c, 0x89, 0xf7, 0xff, 0xd0, 0x48, 0xc7, 0x43, 0x60,
  0x00, 0x00, 0x00, 0x00, 0x5b, 0x31, 0xc0, 0x41, 0x5c, 0x41, 0x5d, 0x41,
  0x5e, 0x5d, 0xc3, 0x66, 0x0f, 0x1f, 0x84, 0x00, 0x00, 0x00, 0x00, 0x00,
  0x4c, 0x8b, 0x6e, 0x18, 0x4d, 0x85, 0xed, 0x74, 0xe3, 0x48, 0x8b, 0x16,
  0x31, 0xc9, 0x4c, 0x89, 0x2e, 0x4c, 0x29, 0xea, 0x41, 0x89, 0xd4, 0xa8,
  0x03, 0x75, 0x03, 0x8b, 0x4e, 0x20, 0x89, 0x4b, 0x0c, 0x85, 0xd2, 0x7f,
  0x19, 0xeb, 0xc5, 0x66, 0x0f, 0x1f, 0x84, 0x00, 0x00, 0x00, 0x00, 0x00,
  0x48, 0x63, 0xd0, 0x41, 0x29, 0xc4, 0x49, 0x01, 0xd5, 0x45, 0x85, 0xe4,
  0x7e, 0xae, 0x48, 0x8b, 0x73, 0x38, 0x44, 0x89, 0xe1, 0x4c, 0x89, 0xea,
  0x4c, 0x89, 0xf7, 0xff, 0x53, 0x48, 0x85, 0xc0, 0x7f, 0xde, 0x0f, 0xb7,
  0x43, 0x10, 0x83, 0xc8, 0x40, 0x66, 0x89, 0x43, 0x10, 0xb8, 0xff, 0xff,
  0xff, 0xff, 0x5b, 0x41, 0x5c, 0x41, 0x5d, 0x41, 0x5e, 0x5d, 0xc3, 0x0f,
  0x1f, 0x44, 0x00, 0x00, 0x8b, 0x53, 0x78, 0x85, 0xd2, 0x0f, 0x8f, 0x86,
  0xfe, 0xff, 0xff, 0xe9, 0x6c, 0xff, 0xff, 0xff, 0x48, 0x8b, 0x93, 0x98,
  0x00, 0x00, 0x00, 0xe9, 0xbb, 0xfe, 0xff, 0xff, 0x0f, 0x1f, 0x40, 0x00,
  0x89, 0xc1, 0xc7, 0x43, 0x08, 0x00, 0x00, 0x00, 0x00, 0x80, 0xe5, 0xf7,
  0x66, 0x89, 0x4b, 0x10, 0x48, 0x8b, 0x4b, 0x18, 0x48, 0x89, 0x0b, 0xf6,
  0xc4, 0x10, 0x0f, 0x84, 0x10, 0xff, 0xff, 0xff, 0x48, 0x89, 0x93, 0x98,
  0x00, 0x00, 0x00, 0xe9, 0x04, 0xff, 0xff, 0xff, 0x0f, 0x1f, 0x40, 0x00,
  0x41, 0x8b, 0x06, 0x85, 0xc0, 0x0f, 0x84, 0x74, 0xfe, 0xff, 0xff, 0x83,
  0xf8, 0x1d, 0x74, 0x09, 0x83, 0xf8, 0x16, 0x0f, 0x85, 0x79, 0xff, 0xff,
  0xff, 0x45, 0x89, 0x26, 0xe9, 0x0b, 0xff, 0xff, 0xff, 0x66, 0x66, 0x2e,
  0x0f, 0x1f, 0x84, 0x00, 0x00, 0x00, 0x00, 0x00, 0x0f, 0x1f, 0x40, 0x00,
  0x48, 0x83, 0x7e, 0x18, 0x00, 0x74, 0x13, 0x48, 0x85, 0xff, 0x74, 0x07,
  0x48, 0x83, 0x7f, 0x40, 0x00, 0x74, 0x1d, 0x66, 0x83, 0x7e, 0x10, 0x00,
  0x75, 0x06, 0x31, 0xc0, 0xc3, 0x0f, 0x1f, 0x00, 0x48, 0xb8, 0x10, 0x18,
  0x00, 0x00, 0x80, 0x00, 0x00, 0x00, 0xff, 0xe0, 0x0f, 0x1f, 0x40, 0x00,
  0x48, 0xb8, 0x50, 0x0a, 0x00, 0x00, 0x80, 0x00, 0x00, 0x00, 0x55, 0x48,
  0x89, 0xe5, 0x48, 0x83, 0xec, 0x10, 0x48, 0x89, 0x75, 0xf0, 0x48, 0x89,
  0x7d, 0xf8, 0xff, 0xd0, 0x48, 0x8b, 0x75, 0xf0, 0x48, 0x8b, 0x7d, 0xf8,
  0x66, 0x83, 0x7e, 0x10, 0x00, 0x75, 0x05, 0xc9, 0x31, 0xc0, 0xc3, 0x90,
  0xc9, 0x48, 0xb8, 0x10, 0x18, 0x00, 0x00, 0x80, 0x00, 0x00, 0x00, 0xff,
  0xe0, 0x0f, 0x1f, 0x00, 0x48, 0x85, 0xff, 0x0f, 0x84, 0x97, 0x00, 0x00,
  0x00, 0x48, 0x83, 0x7f, 0x18, 0x00, 0x74, 0x20, 0x48, 0xa1, 0xe0, 0x20,
  0x00, 0x00, 0x80, 0x00, 0x00, 0x00, 0x48, 0x89, 0xfe, 0x48, 0x85, 0xc0,
  0x74, 0x07, 0x48, 0x83, 0x78, 0x40, 0x00, 0x74, 0x27, 0x66, 0x83, 0x7e,
  0x10, 0x00, 0x75, 0x08, 0x31, 0xc0, 0xc3, 0x0f, 0x1f, 0x44, 0x00, 0x00,
  0x48, 0x89, 0xc7, 0x48, 0xb8, 0x10, 0x18, 0x00, 0x00, 0x80, 0x00, 0x00,
  0x00, 0xff, 0xe0, 0x66, 0x0f, 0x1f, 0x84, 0x00, 0x00, 0x00, 0x00, 0x00,
  0x48, 0xba, 0x50, 0x0a, 0x00, 0x00, 0x80, 0x00, 0x00, 0x00, 0x55, 0x48,
  0x89, 0xe5, 0x48, 0x83, 0xec, 0x10, 0x48, 0x89, 0x7d, 0xf0, 0x48, 0x89,
  0xc7, 0x48, 0x89, 0x45, 0xf8, 0xff, 0xd2, 0x48, 0x8b, 0x75, 0xf0, 0x48,
  0x8b, 0x45, 0xf8, 0x66, 0x83, 0x7e, 0x10, 0x00, 0x75, 0x0a, 0xc9, 0x31,
  0xc0, 0xc3, 0x66, 0x0f, 0x1f, 0x44, 0x00, 0x00, 0xc9, 0x48, 0x89, 0xc7,
  0x48, 0xb8, 0x10, 0x18, 0x00, 0x00, 0x80, 0x00, 0x00, 0x00, 0xff, 0xe0,
  0x0f, 0x1f, 0x84, 0x00, 0x00, 0x00, 0x00, 0x00, 0x48, 0xba, 0xb0, 0x20,
  0x00, 0x00, 0x80, 0x00, 0x00, 0x00, 0x48, 0xbe, 0x30, 0x1a, 0x00, 0x00,
  0x80, 0x00, 0x00, 0x00, 0x48, 0xbf, 0x00, 0x21, 0x00, 0x00, 0x80, 0x00,
  0x00, 0x00, 0x48, 0xb8, 0x10, 0x0b, 0x00, 0x00, 0x80, 0x00, 0x00, 0x00,
  0xff, 0xe0, 0x66, 0x0f, 0x1f, 0x44, 0x00, 0x00, 0x48, 0xb9, 0x38, 0x32,
  0x00, 0x00, 0x80, 0x00, 0x00, 0x00, 0x55, 0x48, 0xb8, 0xc0, 0x00, 0x00,
  0x00, 0x80, 0x00, 0x00, 0x00, 0x48, 0x89, 0xe5, 0x53, 0x48, 0x89, 0xfb,
  0x48, 0x89, 0xf7, 0x48, 0x83, 0xec, 0x08, 0xc7, 0x01, 0x00, 0x00, 0x00,
  0x00, 0xff, 0xd0, 0x48, 0x89, 0xc2, 0x48, 0x83, 0xf8, 0xff, 0x74, 0x0c,
  0x48, 0x8b, 0x5d, 0xf8, 0x48, 0x89, 0xd0, 0xc9, 0xc3, 0x0f, 0x1f, 0x00,
  0xa1, 0x38, 0x32, 0x00, 0x00, 0x80, 0x00, 0x00, 0x00, 0x85, 0xc0, 0x74,
  0xe7, 0x89, 0x03, 0x48, 0x8b, 0x5d, 0xf8, 0x48, 0x89, 0xd0, 0xc9, 0xc3,
  0x00, 0x00, 0x00, 0x00, 0x00, 0x00, 0x00, 0x00, 0x00, 0x00, 0x00, 0x00,
  0x00, 0x00, 0x00, 0x00, 0x00, 0x00, 0x00, 0x00, 0x00, 0x00, 0x00, 0x00,
  0x00, 0x00, 0x00, 0x00, 0x00, 0x00, 0x00, 0x00, 0x00, 0x00, 0x00, 0x00,
  0x00, 0x00, 0x00, 0x00, 0x00, 0x00, 0x00, 0x00, 0x00, 0x00, 0x00, 0x00,
  0x00, 0x00, 0x00, 0x00, 0x00, 0x00, 0x00, 0x00, 0x00, 0x00, 0x00, 0x00,
  0x00, 0x00, 0x00, 0x00, 0x00, 0x00, 0x00, 0x00, 0x00, 0x00, 0x00, 0x00,
  0x00, 0x00, 0x00, 0x00, 0x00, 0x00, 0x00, 0x00, 0x00, 0x00, 0x00, 0x00,
  0x00, 0x00, 0x00, 0x00, 0x00, 0x00, 0x00, 0x00, 0x00, 0x00, 0x00, 0x00,
  0x00, 0x00, 0x00, 0x00, 0x00, 0x00, 0x00, 0x00, 0x00, 0x00, 0x00, 0x00,
  0x00, 0x00, 0x00, 0x00, 0x00, 0x00, 0x00, 0x00, 0x00, 0x00, 0x00, 0x00,
  0x00, 0x00, 0x00, 0x00, 0x00, 0x00, 0x00, 0x00, 0x00, 0x00, 0x00, 0x00,
  0x00, 0x00, 0x00, 0x00, 0x00, 0x00, 0x00, 0x00, 0x00, 0x00, 0x00, 0x00,
  0x00, 0x00, 0x00, 0x00, 0x00, 0x00, 0x00, 0x00, 0x00, 0x00, 0x00, 0x00,
  0x00, 0x00, 0x00, 0x00, 0x00, 0x00, 0x00, 0x00, 0x00, 0x00, 0x00, 0x00,
  0x00, 0x00, 0x00, 0x00, 0x00, 0x00, 0x00, 0x00, 0x00, 0x00, 0x00, 0x00,
  0x00, 0x00, 0x00, 0x00, 0x00, 0x00, 0x00, 0x00, 0x00, 0x00, 0x00, 0x00,
  0x00, 0x00, 0x00, 0x00, 0x00, 0x00, 0x00, 0x00, 0x00, 0x00, 0x00, 0x00,
  0x00, 0x00, 0x00, 0x00, 0x00, 0x00, 0x00, 0x00, 0x00, 0x00, 0x00, 0x00,
  0x00, 0x00, 0x00, 0x00, 0x00, 0x00, 0x00, 0x00, 0x00, 0x00, 0x00, 0x00,
  0x00, 0x00, 0x00, 0x00, 0x00, 0x00, 0x00, 0x00, 0x00, 0x00, 0x00, 0x00,
  0x00, 0x00, 0x00, 0x00, 0x00, 0x00, 0x00, 0x00, 0x00, 0x00, 0x00, 0x00,
  0x00, 0x00, 0x00, 0x00, 0x00, 0x00, 0x00, 0x00, 0x00, 0x00, 0x00, 0x00,
  0x00, 0x00, 0x00, 0x00, 0x00, 0x00, 0x00, 0x00, 0x00, 0x00, 0x00, 0x00,
  0x00, 0x00, 0x00, 0x00, 0x00, 0x00, 0x00, 0x00, 0x00, 0x00, 0x00, 0x00,
  0x00, 0x00, 0x00, 0x00, 0x00, 0x00, 0x00, 0x00, 0x00, 0x00, 0x00, 0x00,
  0x00, 0x00, 0x00, 0x00, 0x00, 0x00, 0x00, 0x00, 0x00, 0x00, 0x00, 0x00,
  0x00, 0x00, 0x00, 0x00, 0x00, 0x00, 0x00, 0x00, 0x00, 0x00, 0x00, 0x00,
  0x00, 0x00, 0x00, 0x00, 0x00, 0x00, 0x00, 0x00, 0x00, 0x00, 0x00, 0x00,
  0x00, 0x00, 0x00, 0x00, 0x00, 0x00, 0x00, 0x00, 0x00, 0x00, 0x00, 0x00,
  0x00, 0x00, 0x00, 0x00, 0x00, 0x00, 0x00, 0x00, 0x00, 0x00, 0x00, 0x00,
  0x00, 0x00, 0x00, 0x00, 0x00, 0x00, 0x00, 0x00, 0x00, 0x00, 0x00, 0x00,
  0x00, 0x00, 0x00, 0x00, 0x00, 0x00, 0x00, 0x00, 0x00, 0x00, 0x00, 0x00,
  0x00, 0x00, 0x00, 0x00, 0x00, 0x00, 0x00, 0x00, 0x00, 0x00, 0x00, 0x00,
  0x00, 0x00, 0x00, 0x00, 0x00, 0x00, 0x00, 0x00, 0x00, 0x00, 0x00, 0x00,
  0x00, 0x00, 0x00, 0x00, 0x00, 0x00, 0x00, 0x00, 0x00, 0x00, 0x00, 0x00,
  0x00, 0x00, 0x00, 0x00, 0x00, 0x00, 0x00, 0x00, 0x00, 0x00, 0x00, 0x00,
  0x00, 0x00, 0x00, 0x00, 0x00, 0x00, 0x00, 0x00, 0x00, 0x00, 0x00, 0x00,
  0x00, 0x00, 0x00, 0x00, 0x00, 0x00, 0x00, 0x00, 0x00, 0x00, 0x00, 0x00,
  0x00, 0x00, 0x00, 0x00, 0x00, 0x00, 0x00, 0x00, 0x00, 0x00, 0x00, 0x00,
  0x00, 0x00, 0x00, 0x00, 0x00, 0x00, 0x00, 0x00, 0x00, 0x00, 0x00, 0x00,
  0x00, 0x00, 0x00, 0x00, 0x00, 0x00, 0x00, 0x00, 0x00, 0x00, 0x00, 0x00,
  0x00, 0x00, 0x00, 0x00, 0x00, 0x00, 0x00, 0x00, 0x00, 0x00, 0x00, 0x00,
  0x00, 0x00, 0x00, 0x00, 0x00, 0x00, 0x00, 0x00, 0x00, 0x00, 0x00, 0x00,
  0x00, 0x00, 0x00, 0x00, 0x00, 0x00, 0x00, 0x00, 0x00, 0x00, 0x00, 0x00,
  0x00, 0x00, 0x00, 0x00, 0x00, 0x00, 0x00, 0x00, 0x00, 0x00, 0x00, 0x00,
  0x00, 0x00, 0x00, 0x00, 0x00, 0x00, 0x00, 0x00, 0x00, 0x00, 0x00, 0x00,
  0x00, 0x00, 0x00, 0x00, 0x00, 0x00, 0x00, 0x00, 0x00, 0x00, 0x00, 0x00,
  0x00, 0x00, 0x00, 0x00, 0x00, 0x00, 0x00, 0x00, 0x00, 0x00, 0x00, 0x00,
  0x00, 0x00, 0x00, 0x00, 0x00, 0x00, 0x00, 0x00, 0x00, 0x00, 0x00, 0x00,
  0x00, 0x00, 0x00, 0x00, 0x00, 0x00, 0x00, 0x00, 0x00, 0x00, 0x00, 0x00,
  0x00, 0x00, 0x00, 0x00, 0x00, 0x00, 0x00, 0x00, 0x00, 0x00, 0x00, 0x00,
  0x00, 0x00, 0x00, 0x00, 0x00, 0x00, 0x00, 0x00, 0x00, 0x00, 0x00, 0x00,
  0x00, 0x00, 0x00, 0x00, 0x00, 0x00, 0x00, 0x00, 0x00, 0x00, 0x00, 0x00,
  0x00, 0x00, 0x00, 0x00, 0x00, 0x00, 0x00, 0x00, 0x00, 0x00, 0x00, 0x00,
  0x00, 0x00, 0x00, 0x00, 0x00, 0x00, 0x00, 0x00, 0x00, 0x00, 0x00, 0x00,
  0x00, 0x00, 0x00, 0x00, 0x00, 0x00, 0x00, 0x00, 0x00, 0x00, 0x00, 0x00,
  0x00, 0x00, 0x00, 0x00, 0x00, 0x00, 0x00, 0x00, 0x00, 0x00, 0x00, 0x00,
  0x00, 0x00, 0x00, 0x00, 0x00, 0x00, 0x00, 0x00, 0x00, 0x00, 0x00, 0x00,
  0x00, 0x00, 0x00, 0x00, 0x00, 0x00, 0x00, 0x00, 0x00, 0x00, 0x00, 0x00,
  0x00, 0x00, 0x00, 0x00, 0x00, 0x00, 0x00, 0x00, 0x00, 0x00, 0x00, 0x00,
  0x00, 0x00, 0x00, 0x00, 0x00, 0x00, 0x00, 0x00, 0x00, 0x00, 0x00, 0x00,
  0x00, 0x00, 0x00, 0x00, 0x00, 0x00, 0x00, 0x00, 0x00, 0x00, 0x00, 0x00,
  0x00, 0x00, 0x00, 0x00, 0x00, 0x00, 0x00, 0x00, 0x00, 0x00, 0x00, 0x00,
  0x00, 0x00, 0x00, 0x00, 0x00, 0x00, 0x00, 0x00, 0x00, 0x00, 0x00, 0x00,
  0x00, 0x00, 0x00, 0x00, 0x00, 0x00, 0x00, 0x00, 0x00, 0x00, 0x00, 0x00,
  0x00, 0x00, 0x00, 0x00, 0x00, 0x00, 0x00, 0x00, 0x00, 0x00, 0x00, 0x00,
  0x00, 0x00, 0x00, 0x00, 0x00, 0x00, 0x00, 0x00, 0x00, 0x00, 0x00, 0x00,
  0x00, 0x00, 0x00, 0x00, 0x00, 0x00, 0x00, 0x00, 0x00, 0x00, 0x00, 0x00,
  0x00, 0x00, 0x00, 0x00, 0x00, 0x00, 0x00, 0x00, 0x00, 0x00, 0x00, 0x00,
  0x00, 0x00, 0x00, 0x00, 0x00, 0x00, 0x00, 0x00, 0x00, 0x00, 0x00, 0x00,
  0x00, 0x00, 0x00, 0x00, 0x00, 0x00, 0x00, 0x00, 0x00, 0x00, 0x00, 0x00,
  0x00, 0x00, 0x00, 0x00, 0x00, 0x00, 0x00, 0x00, 0x00, 0x00, 0x00, 0x00,
  0x00, 0x00, 0x00, 0x00, 0x00, 0x00, 0x00, 0x00, 0x00, 0x00, 0x00, 0x00,
  0x00, 0x00, 0x00, 0x00, 0x00, 0x00, 0x00, 0x00, 0x00, 0x00, 0x00, 0x00,
  0x00, 0x00, 0x00, 0x00, 0x00, 0x00, 0x00, 0x00, 0x00, 0x00, 0x00, 0x00,
  0x00, 0x00, 0x00, 0x00, 0x00, 0x00, 0x00, 0x00, 0x00, 0x00, 0x00, 0x00,
  0x00, 0x00, 0x00, 0x00, 0x00, 0x00, 0x00, 0x00, 0x00, 0x00, 0x00, 0x00,
  0x00, 0x00, 0x00, 0x00, 0x00, 0x00, 0x00, 0x00, 0x00, 0x00, 0x00, 0x00,
  0x00, 0x00, 0x00, 0x00, 0x00, 0x00, 0x00, 0x00, 0x00, 0x00, 0x00, 0x00,
  0x00, 0x00, 0x00, 0x00, 0x00, 0x00, 0x00, 0x00, 0x00, 0x00, 0x00, 0x00,
  0x00, 0x00, 0x00, 0x00, 0x00, 0x00, 0x00, 0x00, 0x00, 0x00, 0x00, 0x00,
  0x00, 0x00, 0x00, 0x00, 0x00, 0x00, 0x00, 0x00, 0x00, 0x00, 0x00, 0x00,
  0x00, 0x00, 0x00, 0x00, 0x00, 0x00, 0x00, 0x00, 0x00, 0x00, 0x00, 0x00,
  0x00, 0x00, 0x00, 0x00, 0x00, 0x00, 0x00, 0x00, 0x00, 0x00, 0x00, 0x00,
  0x00, 0x00, 0x00, 0x00, 0x00, 0x00, 0x00, 0x00, 0x00, 0x00, 0x00, 0x00,
  0x00, 0x00, 0x00, 0x00, 0x00, 0x00, 0x00, 0x00, 0x00, 0x00, 0x00, 0x00,
  0x00, 0x00, 0x00, 0x00, 0x00, 0x00, 0x00, 0x00, 0x00, 0x00, 0x00, 0x00,
  0x00, 0x00, 0x00, 0x00, 0x00, 0x00, 0x00, 0x00, 0x00, 0x00, 0x00, 0x00,
  0x00, 0x00, 0x00, 0x00, 0x00, 0x00, 0x00, 0x00, 0x00, 0x00, 0x00, 0x00,
  0x00, 0x00, 0x00, 0x00, 0x00, 0x00, 0x00, 0x00, 0x00, 0x00, 0x00, 0x00,
  0x48, 0x45, 0x4c, 0x4c, 0x4f, 0x5f, 0x46, 0x52, 0x4f, 0x4d, 0x5f, 0x52,
  0x45, 0x45, 0x4e, 0x54, 0x5f, 0x49, 0x4e, 0x49, 0x54, 0x0a, 0x00, 0x41,
  0x31, 0x0a, 0x00, 0x42, 0x32, 0x0a, 0x00, 0x43, 0x33, 0x0a, 0x00, 0x52,
  0x45, 0x45, 0x4e, 0x54, 0x5f, 0x49, 0x4e, 0x49, 0x54, 0x5f, 0x44, 0x4f,
  0x4e, 0x45, 0x0a, 0x00, 0x4d, 0x31, 0x0a, 0x00, 0x4d, 0x32, 0x0a, 0x00,
  0x4d, 0x33, 0x0a, 0x00, 0x69, 0x6d, 0x70, 0x5f, 0x70, 0x74, 0x72, 0x00,
  0x69, 0x6d, 0x70, 0x5f, 0x64, 0x61, 0x74, 0x61, 0x00, 0x73, 0x66, 0x30,
  0x00, 0x73, 0x66, 0x31, 0x00, 0x4d, 0x41, 0x49, 0x4e, 0x5f, 0x44, 0x4f,
  0x4e, 0x45, 0x0a, 0x00, 0x00, 0x00, 0x00, 0x00, 0x00, 0x00, 0x00, 0x00,
  0x00, 0x00, 0x00, 0x00, 0x30, 0x31, 0x32, 0x33, 0x34, 0x35, 0x36, 0x37,
  0x38, 0x39, 0x61, 0x62, 0x63, 0x64, 0x65, 0x66, 0x00, 0x00, 0x00, 0x00,
  0x04, 0x00, 0x00, 0x00, 0x09, 0x00, 0x01, 0x00, 0x12, 0x00, 0x02, 0x00,
  0x01, 0x00, 0xff, 0xff, 0x00, 0x00, 0x00, 0x00, 0xa0, 0x0b, 0x00, 0x00,
  0x80, 0x00, 0x00, 0x00, 0x80, 0x0c, 0x00, 0x00, 0x80, 0x00, 0x00, 0x00,
  0x00, 0x00, 0x00, 0x00, 0x00, 0x00, 0x00, 0x00, 0x00, 0x00, 0x00, 0x00,
  0x00, 0x00, 0x00, 0x00, 0x03, 0x00, 0x00, 0x00, 0x00, 0x00, 0x00, 0x00,
  0x20, 0x30, 0x00, 0x00, 0x80, 0x00, 0x00, 0x00, 0x00, 0x00, 0x00, 0x00,
  0x00, 0x00, 0x00, 0x00, 0x00, 0x00, 0x00, 0x00, 0x00, 0x00, 0x00, 0x00,
  0x00, 0x00, 0x00, 0x00, 0x00, 0x00, 0x00, 0x00, 0x00, 0x21, 0x00, 0x00,
  0x80, 0x00, 0x00, 0x00, 0x00, 0x00, 0x00, 0x00, 0x00, 0x00, 0x00, 0x00,
  0x00, 0x00, 0x00, 0x00, 0x00, 0x00, 0x00, 0x00, 0x00, 0x00, 0x00, 0x00,
  0x00, 0x00, 0x00, 0x00, 0x00, 0x00, 0x00, 0x00, 0x00, 0x00, 0x00, 0x00,
  0x20, 0x30, 0x00, 0x00, 0x80, 0x00, 0x00, 0x00, 0xd0, 0x30, 0x00, 0x00,
  0x80, 0x00, 0x00, 0x00, 0x80, 0x31, 0x00, 0x00, 0x80, 0x00, 0x00, 0x00,
  0x00, 0x00, 0x00, 0x00, 0x00, 0x00, 0x00, 0x00, 0x00, 0x00, 0x00, 0x00,
  0x00, 0x00, 0x00, 0x00, 0x00, 0x00, 0x00, 0x00, 0x00, 0x00, 0x00, 0x00,
  0x00, 0x00, 0x00, 0x00, 0x00, 0x00, 0x00, 0x00, 0x00, 0x00, 0x00, 0x00,
  0x00, 0x00, 0x00, 0x00, 0x00, 0x00, 0x00, 0x00, 0x00, 0x00, 0x00, 0x00,
  0x00, 0x00, 0x00, 0x00, 0x00, 0x00, 0x00, 0x00, 0x00, 0x00, 0x00, 0x00,
  0x00, 0x00, 0x00, 0x00, 0x00, 0x00, 0x00, 0x00, 0x00, 0x00, 0x00, 0x00,
  0x00, 0x00, 0x00, 0x00, 0x00, 0x00, 0x00, 0x00, 0x00, 0x00, 0x00, 0x00,
  0x00, 0x00, 0x00, 0x00, 0x00, 0x00, 0x00, 0x00, 0x00, 0x00, 0x00, 0x00,
  0x00, 0x00, 0x00, 0x00, 0x00, 0x00, 0x00, 0x00, 0x00, 0x00, 0x00, 0x00,
  0x00, 0x00, 0x00, 0x00, 0x62, 0x00, 0x00, 0x00, 0x05, 0x00, 0x08, 0x00,
  0x2e, 0x00, 0x00, 0x00, 0x01, 0x01, 0x01, 0xfb, 0x0e, 0x0d, 0x00, 0x01,
  0x01, 0x01, 0x01, 0x00, 0x00, 0x00, 0x01, 0x00, 0x00, 0x01, 0x01, 0x01,
  0x1f, 0x02, 0x00, 0x00, 0x00, 0x00, 0x41, 0x00, 0x00, 0x00, 0x02, 0x01,
  0x1f, 0x02, 0x0f, 0x02, 0x46, 0x00, 0x00, 0x00, 0x01, 0x46, 0x00, 0x00,
  0x00, 0x01, 0x00, 0x09, 0x02, 0x00, 0x00, 0x00, 0x00, 0x80, 0x00, 0x00,
  0x00, 0x03, 0x0b, 0x01, 0x3f, 0x4b, 0x2f, 0x2f, 0x2f, 0x31, 0x9f, 0x9f,
  0x3d, 0x3d, 0x3d, 0x34, 0x3d, 0x4b, 0x21, 0x4d, 0x5b, 0x5b, 0x3d, 0x3d,
  0x3d, 0x5a, 0x3d, 0x5b, 0x21, 0x02, 0x02, 0x00, 0x01, 0x01, 0x74, 0x03,
  0x00, 0x00, 0x05, 0x00, 0x08, 0x00, 0x67, 0x00, 0x00, 0x00, 0x01, 0x01,
  0x01, 0xfb, 0x0e, 0x0d, 0x00, 0x01, 0x01, 0x01, 0x01, 0x00, 0x00, 0x00,
  0x01, 0x00, 0x00, 0x01, 0x01, 0x01, 0x1f, 0x05, 0x00, 0x00, 0x00, 0x00,
  0x41, 0x00, 0x00, 0x00, 0x5d, 0x00, 0x00, 0x00, 0x6d, 0x00, 0x00, 0x00,
  0x9a, 0x00, 0x00, 0x00, 0x02, 0x01, 0x1f, 0x02, 0x0f, 0x0b, 0x52, 0x00,
  0x00, 0x00, 0x01, 0x52, 0x00, 0x00, 0x00, 0x01, 0xa6, 0x00, 0x00, 0x00,
  0x02, 0xb7, 0x00, 0x00, 0x00, 0x03, 0xae, 0x00, 0x00, 0x00, 0x04, 0xc0,
  0x00, 0x00, 0x00, 0x04, 0xca, 0x00, 0x00, 0x00, 0x04, 0xd5, 0x00, 0x00,
  0x00, 0x04, 0xaf, 0x00, 0x00, 0x00, 0x04, 0xe1, 0x00, 0x00, 0x00, 0x04,
  0xe8, 0x00, 0x00, 0x00, 0x04, 0x05, 0x12, 0x00, 0x09, 0x02, 0x60, 0x00,
  0x00, 0x00, 0x80, 0x00, 0x00, 0x00, 0x03, 0x17, 0x01, 0x05, 0x13, 0x01,
  0x05, 0x06, 0xf3, 0x05, 0x36, 0xf4, 0x05, 0x05, 0x13, 0x05, 0x17, 0x03,
  0x71, 0x01, 0x05, 0x05, 0x13, 0x13, 0x05, 0x15, 0x06, 0x03, 0x0d, 0x01,
  0x05, 0x05, 0x03, 0x73, 0x3c, 0x06, 0x7a, 0x06, 0x01, 0x05, 0x01, 0x1a,
  0x05, 0x2f, 0x06, 0x68, 0x05, 0x05, 0x13, 0x05, 0x17, 0x03, 0x6d, 0x01,
  0x05, 0x05, 0x13, 0x13, 0x05, 0x15, 0x06, 0x03, 0x11, 0x01, 0x05, 0x05,
  0x03, 0x6f, 0x3c, 0x06, 0x7a, 0x06, 0x01, 0x05, 0x01, 0x03, 0x0c, 0x01,
  0x05, 0x17, 0x06, 0x68, 0x05, 0x05, 0x13, 0x05, 0x17, 0x03, 0x69, 0x01,
  0x05, 0x05, 0x13, 0x13, 0x06, 0x03, 0x15, 0x2e, 0x03, 0x6b, 0x3c, 0x06,
  0xa4, 0x06, 0x20, 0x06, 0x03, 0x10, 0x01, 0x05, 0x09, 0x00, 0x02, 0x04,
  0x01, 0x13, 0x05, 0x0b, 0x1f, 0x05, 0x1c, 0xea, 0x05, 0x05, 0x13, 0x15,
  0x05, 0x19, 0x06, 0x01, 0x05, 0x1c, 0x9a, 0x05, 0x08, 0x78, 0x05, 0x09,
  0x06, 0x67, 0x05, 0x17, 0x03, 0x5d, 0x01, 0x05, 0x05, 0x13, 0x13, 0x06,
  0x2e, 0x06, 0xce, 0x06, 0x01, 0x05, 0x09, 0x06, 0x03, 0x1c, 0x01, 0x05,
  0x0c, 0x06, 0x01, 0x05, 0x09, 0x06, 0x6a, 0x05, 0x19, 0x06, 0x01, 0x3c,
  0x05, 0x05, 0x06, 0x15, 0x05, 0x08, 0x06, 0x01, 0x05, 0x05, 0x06, 0x5c,
  0x05, 0x17, 0x03, 0x51, 0x01, 0x05, 0x05, 0x13, 0x13, 0xea, 0x06, 0x01,
  0x06, 0x03, 0x28, 0x01, 0x05, 0x08, 0x06, 0x01, 0x05, 0x05, 0x06, 0x6b,
  0x05, 0x0b, 0x06, 0x01, 0x05, 0x05, 0x06, 0x3d, 0x05, 0x15, 0x06, 0x01,
  0x05, 0x05, 0x06, 0x3d, 0x05, 0x01, 0x06, 0x13, 0x4a, 0x05, 0x09, 0x06,
  0x03, 0x74, 0x58, 0x05, 0x10, 0x06, 0x01, 0x05, 0x01, 0x03, 0x0c, 0x3c,
  0x05, 0x09, 0x06, 0x03, 0x79, 0x58, 0x05, 0x14, 0x06, 0x03, 0x75, 0xba,
  0x05, 0x0f, 0x00, 0x02, 0x04, 0x01, 0x03, 0x0b, 0x74, 0x05, 0x09, 0x06,
  0x67, 0x05, 0x01, 0x06, 0x18, 0x05, 0x09, 0x06, 0x7a, 0xf3, 0x05, 0x18,
  0xf3, 0x05, 0x1a, 0x01, 0x05, 0x06, 0x03, 0x56, 0x01, 0x05, 0x05, 0x13,
  0x05, 0x17, 0x03, 0x69, 0x01, 0x05, 0x05, 0x13, 0x13, 0x06, 0x03, 0x15,
  0x2e, 0x03, 0x6b, 0x3c, 0x06, 0xa4, 0x06, 0x20, 0x06, 0x03, 0x10, 0x01,
  0x05, 0x09, 0x00, 0x02, 0x04, 0x01, 0x13, 0x05, 0x0b, 0x1f, 0x05, 0x1d,
  0x03, 0x29, 0xe4, 0x05, 0x1f, 0x01, 0x05, 0x19, 0x06, 0x03, 0x61, 0x01,
  0x05, 0x1d, 0x03, 0x1f, 0x9e, 0x05, 0x07, 0x06, 0x03, 0x5d, 0x4a, 0x05,
  0x05, 0x13, 0x15, 0x05, 0x1d, 0x06, 0x03, 0x1f, 0x01, 0x05, 0x08, 0x03,
  0x61, 0x3c, 0x05, 0x09, 0x06, 0x67, 0x05, 0x17, 0x03, 0x5d, 0x01, 0x05,
  0x05, 0x13, 0x13, 0x06, 0x2e, 0x06, 0xce, 0x06, 0x01, 0x05, 0x09, 0x06,
  0x03, 0x1c, 0x01, 0x05, 0x0c, 0x06, 0x01, 0x05, 0x09, 0x06, 0x6a, 0x05,
  0x19, 0x06, 0x01, 0x3c, 0x05, 0x05, 0x06, 0x15, 0x05, 0x08, 0x06, 0x01,
  0x05, 0x05, 0x06, 0x5c, 0x05, 0x17, 0x03, 0x51, 0x01, 0x05, 0x05, 0x13,
  0x13, 0xea, 0x06, 0x01, 0x06, 0x03, 0x28, 0x01, 0x05, 0x08, 0x06, 0x01,
  0x05, 0x05, 0x06, 0x6b, 0x05, 0x0b, 0x06, 0x01, 0x05, 0x05, 0x06, 0x3d,
  0x05, 0x15, 0x06, 0x01, 0x05, 0x05, 0x06, 0x3d, 0x06, 0x01, 0x05, 0x32,
  0x03, 0x0a, 0x01, 0x4a, 0x05, 0x09, 0x06, 0x03, 0x6b, 0x58, 0x05, 0x10,
  0x06, 0x01, 0x05, 0x32, 0x03, 0x15, 0x3c, 0x05, 0x09, 0x06, 0x03, 0x70,
  0x58, 0x05, 0x14, 0x06, 0x03, 0x75, 0xba, 0x05, 0x0f, 0x00, 0x02, 0x04,
  0x01, 0x03, 0x0b, 0x74, 0x05, 0x09, 0x06, 0x67, 0x05, 0x32, 0x06, 0x03,
  0x0f, 0x01, 0x05, 0x17, 0x06, 0x7a, 0x05, 0x05, 0x13, 0x05, 0x17, 0x03,
  0xb8, 0x7f, 0x01, 0x05, 0x05, 0x13, 0x13, 0xea, 0x06, 0x01, 0x05, 0x01,
  0x03, 0xc1, 0x00, 0x01, 0x05, 0x13, 0x06, 0x26, 0x05, 0x15, 0x01, 0x05,
  0x1f, 0x01, 0x05, 0x2a, 0x06, 0x01, 0x05, 0x24, 0x06, 0xf6, 0x05, 0x05,
  0x13, 0x05, 0x11, 0x06, 0x01, 0x05, 0x08, 0x3c, 0x05, 0x09, 0x06, 0x59,
  0x05, 0x15, 0x06, 0x01, 0x05, 0x09, 0x06, 0x75, 0x05, 0x10, 0x06, 0x01,
  0x05, 0x0c, 0x92, 0x05, 0x01, 0x59, 0x05, 0x14, 0x06, 0x3e, 0x05, 0x16,
  0x01, 0x05, 0x22, 0x06, 0x01, 0x05, 0x19, 0x3c, 0x05, 0x42, 0x82, 0x05,
  0x2f, 0x06, 0x59, 0x05, 0x31, 0x01, 0x05, 0x3b, 0x01, 0x05, 0x49, 0x01,
  0x05, 0x57, 0x01, 0x05, 0x62, 0x06, 0x01, 0x05, 0x31, 0x06, 0xf3, 0x05,
  0x33, 0x01, 0x05, 0x3f, 0x01, 0x05, 0x4c, 0x01, 0x05, 0x58, 0x01, 0x05,
  0x63, 0x06, 0x01, 0x05, 0x1c, 0x06, 0xf3, 0x05, 0x1e, 0x01, 0x05, 0x29,
  0x01, 0x05, 0x34, 0x01, 0x05, 0x3f, 0x06, 0x01, 0x05, 0x12, 0x06, 0xf3,
  0x05, 0x14, 0x01, 0x05, 0x1e, 0x06, 0x01, 0x05, 0x05, 0x06, 0xf4, 0x05,
  0x25, 0xf3, 0x05, 0x27, 0x01, 0x05, 0x05, 0x03, 0x71, 0x01, 0x13, 0x05,
  0x11, 0x06, 0x01, 0x05, 0x08, 0x3c, 0x05, 0x09, 0x06, 0x59, 0x05, 0x15,
  0x06, 0x01, 0x05, 0x09, 0x06, 0x75, 0x05, 0x10, 0x06, 0x01, 0x05, 0x0c,
  0x92, 0x58, 0x05, 0x3d, 0x03, 0x0a, 0x01, 0x05, 0x15, 0x06, 0x3d, 0x05,
  0x17, 0x01, 0x05, 0x05, 0x03, 0x78, 0x01, 0x05, 0x16, 0x01, 0x05, 0x22,
  0x06, 0x01, 0x05, 0x19, 0x3c, 0x05, 0x2a, 0x8a, 0x05, 0x07, 0x06, 0x59,
  0x05, 0x05, 0xf3, 0xf3, 0xf3, 0x02, 0x06, 0x00, 0x01, 0x01, 0x74, 0x01,
  0x00, 0x00, 0x05, 0x00, 0x08, 0x00, 0x4a, 0x00, 0x00, 0x00, 0x01, 0x01,
  0x01, 0xfb, 0x0e, 0x0d, 0x00, 0x01, 0x01, 0x01, 0x01, 0x00, 0x00, 0x00,
  0x01, 0x00, 0x00, 0x01, 0x01, 0x01, 0x1f, 0x04, 0x00, 0x00, 0x00, 0x00,
  0x41, 0x00, 0x00, 0x00, 0x6d, 0x00, 0x00, 0x00, 0x9a, 0x00, 0x00, 0x00,
  0x02, 0x01, 0x1f, 0x02, 0x0f, 0x06, 0xf5, 0x00, 0x00, 0x00, 0x01, 0xf5,
  0x00, 0x00, 0x00, 0x01, 0xb7, 0x00, 0x00, 0x00, 0x02, 0xae, 0x00, 0x00,
  0x00, 0x03, 0xfd, 0x00, 0x00, 0x00, 0x03, 0x05, 0x01, 0x00, 0x00, 0x03,
  0x05, 0x20, 0x00, 0x09, 0x02, 0x10, 0x03, 0x00, 0x00, 0x80, 0x00, 0x00,
  0x00, 0x03, 0x16, 0x01, 0x05, 0x05, 0x13, 0x05, 0x20, 0x06, 0x11, 0x05,
  0x17, 0x03, 0x0c, 0x20, 0x05, 0x11, 0x03, 0x75, 0x58, 0x05, 0x1e, 0x03,
  0x0c, 0x9e, 0x05, 0x17, 0x9f, 0x05, 0x20, 0x03, 0x72, 0x58, 0x05, 0x11,
  0x75, 0x05, 0x09, 0x06, 0x03, 0x09, 0x9e, 0x13, 0x05, 0x17, 0x06, 0x01,
  0x05, 0x09, 0x06, 0x59, 0x13, 0x13, 0x13, 0x05, 0x05, 0x03, 0x0f, 0x2e,
  0x05, 0x0d, 0x03, 0x55, 0x01, 0x05, 0x05, 0x13, 0x05, 0x13, 0x06, 0x01,
  0x05, 0x05, 0x06, 0x59, 0x13, 0x05, 0x1c, 0x06, 0x13, 0x05, 0x1a, 0x57,
  0x05, 0x05, 0x06, 0x9f, 0x13, 0x06, 0x2e, 0x06, 0x03, 0x27, 0x01, 0x05,
  0x0d, 0x03, 0x54, 0x01, 0x05, 0x05, 0x13, 0x05, 0x1a, 0x06, 0x14, 0x05,
  0x13, 0x9c, 0x05, 0x05, 0x06, 0x59, 0x13, 0x13, 0x13, 0x06, 0x2e, 0x06,
  0x03, 0x28, 0x01, 0x05, 0x0d, 0x03, 0x53, 0x01, 0x05, 0x05, 0x13, 0x05,
  0x1a, 0x06, 0x14, 0x05, 0x13, 0x9c, 0x05, 0x05, 0x06, 0x59, 0x13, 0x13,
  0x13, 0x06, 0x2e, 0x05, 0x09, 0x06, 0x03, 0x30, 0x01, 0x13, 0x13, 0x05,
  0x0e, 0x01, 0x05, 0x1b, 0x00, 0x02, 0x04, 0x01, 0x01, 0x05, 0x17, 0x06,
  0x18, 0x05, 0x32, 0x00, 0x02, 0x04, 0x03, 0x03, 0x7a, 0x58, 0x00, 0x02,
  0x04, 0x03, 0x74, 0x05, 0x09, 0x06, 0x13, 0x05, 0x32, 0x00, 0x02, 0x04,
  0x03, 0x06, 0x11, 0x05, 0x17, 0x08, 0x23, 0x05, 0x16, 0x56, 0x05, 0x09,
  0x06, 0x4c, 0x13, 0x13, 0x13, 0x13, 0x05, 0x05, 0x03, 0x09, 0x2e, 0x05,
  0x0d, 0x03, 0xb9, 0x7f, 0x01, 0x05, 0x05, 0x13, 0x05, 0x13, 0x06, 0x01,
  0x05, 0x05, 0x06, 0x59, 0x13, 0x05, 0x1c, 0x06, 0x13, 0x05, 0x1a, 0x57,
  0x05, 0x05, 0x06, 0x9f, 0x13, 0x06, 0x2e, 0x06, 0x03, 0xc4, 0x00, 0x01,
  0x05, 0x14, 0x06, 0x01, 0x05, 0x08, 0x9e, 0x05, 0x01, 0x77, 0x05, 0x09,
  0x06, 0x8e, 0x05, 0x01, 0x06, 0x14, 0x05, 0x09, 0x1e, 0x02, 0x0f, 0x00,
  0x01, 0x01, 0xeb, 0x01, 0x00, 0x00, 0x05, 0x00, 0x08, 0x00, 0x4f, 0x00,
  0x00, 0x00, 0x01, 0x01, 0x01, 0xfb, 0x0e, 0x0d, 0x00, 0x01, 0x01, 0x01,
  0x01, 0x00, 0x00, 0x00, 0x01, 0x00, 0x00, 0x01, 0x01, 0x01, 0x1f, 0x04,
  0x00, 0x00, 0x00, 0x00, 0x1e, 0x01, 0x00, 0x00, 0x6d, 0x00, 0x00, 0x00,
  0x9a, 0x00, 0x00, 0x00, 0x02, 0x01, 0x1f, 0x02, 0x0f, 0x07, 0x11, 0x01,
  0x00, 0x00, 0x01, 0x11, 0x01, 0x00, 0x00, 0x01, 0xb7, 0x00, 0x00, 0x00,
  0x02, 0xae, 0x00, 0x00, 0x00, 0x03, 0xfd, 0x00, 0x00, 0x00, 0x03, 0x05,
  0x01, 0x00, 0x00, 0x03, 0x23, 0x01, 0x00, 0x00, 0x00, 0x05, 0x32, 0x00,
  0x09, 0x02, 0x00, 0x04, 0x00, 0x00, 0x80, 0x00, 0x00, 0x00, 0x03, 0x0b,
  0x01, 0x05, 0x05, 0x13, 0x05, 0x16, 0x03, 0x78, 0x01, 0x05, 0x05, 0x13,
  0x13, 0x05, 0x0c, 0x00, 0x02, 0x04, 0x01, 0x01, 0x05, 0x0f, 0x00, 0x02,
  0x04, 0x01, 0x06, 0x58, 0x05, 0x32, 0xa3, 0x05, 0x0f, 0x00, 0x02, 0x04,
  0x01, 0x7d, 0x00, 0x02, 0x04, 0x01, 0x4a, 0x05, 0x32, 0x17, 0x05, 0x0f,
  0x00, 0x02, 0x04, 0x01, 0x45, 0x05, 0x13, 0x03, 0x0a, 0x2e, 0x05, 0x1a,
  0x59, 0x05, 0x05, 0x06, 0x03, 0x76, 0x74, 0x18, 0x14, 0x05, 0x13, 0x06,
  0x01, 0x05, 0x05, 0x06, 0x59, 0x13, 0x13, 0x14, 0x05, 0x01, 0x06, 0x34,
  0x58, 0x2e, 0x05, 0x43, 0x06, 0x5b, 0x05, 0x05, 0x13, 0x13, 0x13, 0x13,
  0x05, 0x15, 0x00, 0x02, 0x04, 0x01, 0x01, 0x05, 0x43, 0x06, 0x0e, 0x74,
  0x05, 0x11, 0x00, 0x02, 0x04, 0x01, 0x78, 0x05, 0x15, 0x00, 0x02, 0x04,
  0x01, 0x4a, 0x00, 0x02, 0x04, 0x01, 0x08, 0x3c, 0x05, 0x22, 0x00, 0x02,
  0x04, 0x03, 0x06, 0x08, 0x90, 0x05, 0x29, 0x00, 0x02, 0x04, 0x03, 0x06,
  0x01, 0x05, 0x35, 0x00, 0x02, 0x04, 0x03, 0x06, 0x2e, 0x05, 0x15, 0x00,
  0x02, 0x04, 0x01, 0x01, 0x05, 0x11, 0x00, 0x02, 0x04, 0x01, 0x06, 0x01,
  0x05, 0x15, 0x00, 0x02, 0x04, 0x01, 0x58, 0x00, 0x02, 0x04, 0x02, 0x82,
  0x00, 0x02, 0x04, 0x02, 0x4a, 0x05, 0x05, 0x06, 0xe5, 0x13, 0x05, 0x0e,
  0x06, 0x11, 0x05, 0x0a, 0x84, 0x05, 0x0e, 0xc6, 0x05, 0x05, 0x06, 0x5a,
  0x05, 0x0a, 0x06, 0x11, 0x05, 0x0e, 0x67, 0x9e, 0x05, 0x05, 0x06, 0x59,
  0x05, 0x0a, 0x01, 0x05, 0x18, 0x00, 0x02, 0x04, 0x01, 0x01, 0x00, 0x02,
  0x04, 0x01, 0x06, 0x01, 0x05, 0x09, 0x06, 0xe5, 0x05, 0x1c, 0x06, 0x01,
  0x05, 0x18, 0x00, 0x02, 0x04, 0x01, 0x3b, 0x05, 0x1c, 0x4b, 0x05, 0x18,
  0x00, 0x02, 0x04, 0x01, 0x3b, 0x05, 0x28, 0x3d, 0x05, 0x12, 0x3c, 0x05,
  0x1f, 0x00, 0x02, 0x04, 0x03, 0x06, 0x81, 0x05, 0x18, 0x00, 0x02, 0x04,
  0x01, 0x01, 0x05, 0x05, 0x5b, 0x13, 0x05, 0x0e, 0x06, 0x11, 0x05, 0x05,
  0x84, 0x05, 0x0e, 0x3a, 0x05, 0x05, 0x06, 0x76, 0x05, 0x01, 0x06, 0xbb,
  0x05, 0x36, 0x00, 0x02, 0x04, 0x03, 0x03, 0x76, 0x2e, 0x00, 0x02, 0x04,
  0x03, 0x2e, 0x05, 0x09, 0x2d, 0x2e, 0x02, 0x09, 0x00, 0x01, 0x01, 0x05,
  0x21, 0x00, 0x09, 0x02, 0x30, 0x05, 0x00, 0x00, 0x80, 0x00, 0x00, 0x00,
  0x03, 0x2d, 0x01, 0x05, 0x05, 0x13, 0x13, 0x14, 0x13, 0x1a, 0x05, 0x21,
  0x06, 0x03, 0x73, 0x9e, 0x05, 0x05, 0x03, 0x12, 0x66, 0x05, 0x21, 0x03,
  0x6e, 0x9e, 0x05, 0x05, 0x03, 0x0d, 0x20, 0x06, 0xbb, 0xbb, 0xbd, 0x08,
  0x91, 0x08, 0x67, 0x08, 0x67, 0x08, 0x68, 0xbd, 0x05, 0x01, 0x06, 0x13,
  0x02, 0x07, 0x00, 0x01, 0x01, 0x2f, 0x68, 0x6f, 0x6d, 0x65, 0x2f, 0x6e,
  0x6f, 0x6e, 0x65, 0x79, 0x61, 0x2f, 0x63, 0x6f, 0x64, 0x65, 0x2f, 0x64,
  0x6f, 0x6e, 0x73, 0x2d, 0x6f, 0x73, 0x2d, 0x78, 0x38, 0x36, 0x5f, 0x36,
  0x34, 0x2f, 0x30, 0x34, 0x5f, 0x6b, 0x65, 0x72, 0x6e, 0x65, 0x6c, 0x5f,
  0x36, 0x34, 0x62, 0x69, 0x74, 0x2f, 0x75, 0x73, 0x65, 0x72, 0x6c, 0x61,
  0x6e, 0x64, 0x2f, 0x6e, 0x65, 0x77, 0x6c, 0x69, 0x62, 0x00, 0x61, 0x72,
  0x63, 0x32, 0x00, 0x63, 0x72, 0x74, 0x30, 0x2e, 0x53, 0x00, 0x61, 0x72,
  0x63, 0x32, 0x2f, 0x73, 0x79, 0x73, 0x63, 0x61, 0x6c, 0x6c, 0x73, 0x2e,
  0x63, 0x00, 0x69, 0x6e, 0x63, 0x6c, 0x75, 0x64, 0x65, 0x2f, 0x6d, 0x61,
  0x63, 0x68, 0x69, 0x6e, 0x65, 0x00, 0x2f, 0x6f, 0x70, 0x74, 0x2f, 0x63,
  0x72, 0x6f, 0x73, 0x73, 0x2f, 0x6c, 0x69, 0x62, 0x2f, 0x67, 0x63, 0x63,
  0x2f, 0x78, 0x38, 0x36, 0x5f, 0x36, 0x34, 0x2d, 0x65, 0x6c, 0x66, 0x2f,
  0x31, 0x35, 0x2e, 0x32, 0x2e, 0x30, 0x2f, 0x69, 0x6e, 0x63, 0x6c, 0x75,
  0x64, 0x65, 0x00, 0x69, 0x6e, 0x63, 0x6c, 0x75, 0x64, 0x65, 0x2f, 0x73,
  0x79, 0x73, 0x00, 0x5f, 0x64, 0x65, 0x66, 0x61, 0x75, 0x6c, 0x74, 0x5f,
  0x74, 0x79, 0x70, 0x65, 0x73, 0x2e, 0x68, 0x00, 0x73, 0x74, 0x64, 0x64,
  0x65, 0x66, 0x2e, 0x68, 0x00, 0x5f, 0x73, 0x74, 0x64, 0x69, 0x6e, 0x74,
  0x2e, 0x68, 0x00, 0x5f, 0x74, 0x69, 0x6d, 0x65, 0x76, 0x61, 0x6c, 0x2e,
  0x68, 0x00, 0x5f, 0x74, 0x69, 0x6d, 0x65, 0x73, 0x70, 0x65, 0x63, 0x2e,
  0x68, 0x00, 0x73, 0x74, 0x61, 0x74, 0x2e, 0x68, 0x00, 0x65, 0x72, 0x72,
  0x6e, 0x6f, 0x2e, 0x68, 0x00, 0x61, 0x72, 0x63, 0x32, 0x2f, 0x72, 0x65,
  0x65, 0x6e, 0x74, 0x2e, 0x63, 0x00, 0x72, 0x65, 0x65, 0x6e, 0x74, 0x2e,
  0x68, 0x00, 0x6c, 0x6f, 0x63, 0x6b, 0x2e, 0x68, 0x00, 0x61, 0x70, 0x70,
  0x73, 0x2f, 0x75, 0x73, 0x65, 0x72, 0x5f, 0x73, 0x68, 0x65, 0x6c, 0x6c,
  0x2e, 0x63, 0x00, 0x61, 0x70, 0x70, 0x73, 0x00, 0x3c, 0x62, 0x75, 0x69,
  0x6c, 0x74, 0x2d, 0x69, 0x6e, 0x3e, 0x00, 0x24, 0x00, 0x00, 0x00, 0x05,
  0x00, 0x01, 0x08, 0x00, 0x00, 0x00, 0x00, 0x01, 0x00, 0x00, 0x00, 0x00,
  0x00, 0x00, 0x00, 0x00, 0x80, 0x00, 0x00, 0x00, 0x5d, 0x00, 0x00, 0x00,
  0x00, 0x0c, 0x00, 0x00, 0x00, 0x4d, 0x00, 0x00, 0x00, 0x01, 0x80, 0x35,
  0x0d, 0x00, 0x00, 0x05, 0x00, 0x01, 0x08, 0x14, 0x00, 0x00, 0x00, 0x18,
  0xb8, 0x01, 0x00, 0x00, 0x1d, 0x03, 0x47, 0x16, 0x03, 0x00, 0x4d, 0x00,
  0x00, 0x00, 0x00, 0x00, 0x00, 0x00, 0x60, 0x00, 0x00, 0x00, 0x80, 0x00,
  0x00, 0x00, 0xa6, 0x02, 0x00, 0x00, 0x00, 0x00, 0x00, 0x00, 0x66, 0x00,
  0x00, 0x00, 0x07, 0x01, 0x06, 0x48, 0x01, 0x00, 0x00, 0x07, 0x01, 0x08,
  0x46, 0x01, 0x00, 0x00, 0x07, 0x02, 0x05, 0xfc, 0x00, 0x00, 0x00, 0x07,
  0x02, 0x07, 0x9e, 0x01, 0x00, 0x00, 0x19, 0x04, 0x05, 0x69, 0x6e, 0x74,
  0x00, 0x02, 0xd5, 0x02, 0x00, 0x00, 0x02, 0x4f, 0x19, 0x62, 0x00, 0x00,
  0x00, 0x07, 0x04, 0x07, 0x77, 0x01, 0x00, 0x00, 0x02, 0x2c, 0x01, 0x00,
  0x00, 0x02, 0x67, 0x18, 0x75, 0x00, 0x00, 0x00, 0x07, 0x08, 0x05, 0x96,
  0x00, 0x00, 0x00, 0x02, 0x8a, 0x02, 0x00, 0x00, 0x02, 0x69, 0x19, 0x88,
  0x00, 0x00, 0x00, 0x07, 0x08, 0x07, 0x72, 0x01, 0x00, 0x00, 0x02, 0x1e,
  0x03, 0x00, 0x00, 0x03, 0xa0, 0x1a, 0x75, 0x00, 0x00, 0x00, 0x02, 0x8f,
  0x01, 0x00, 0x00, 0x03, 0xe5, 0x17, 0x88, 0x00, 0x00, 0x00, 0x07, 0x08,
  0x05, 0x91, 0x00, 0x00, 0x00, 0x07, 0x10, 0x04, 0x54, 0x01, 0x00, 0x00,
  0x02, 0x21, 0x01, 0x00, 0x00, 0x04, 0x1e, 0x0e, 0x75, 0x00, 0x00, 0x00,
  0x02, 0x8a, 0x01, 0x00, 0x00, 0x04, 0x22, 0x0e, 0x75, 0x00, 0x00, 0x00,
  0x02, 0xce, 0x02, 0x00, 0x00, 0x04, 0x2e, 0x0e, 0x75, 0x00, 0x00, 0x00,
  0x02, 0xe0, 0x02, 0x00, 0x00, 0x04, 0x38, 0x0f, 0x41, 0x00, 0x00, 0x00,
  0x02, 0x0e, 0x03, 0x00, 0x00, 0x04, 0x3c, 0x18, 0x48, 0x00, 0x00, 0x00,
  0x02, 0x30, 0x03, 0x00, 0x00, 0x04, 0x3f, 0x18, 0x48, 0x00, 0x00, 0x00,
  0x02, 0x9d, 0x02, 0x00, 0x00, 0x04, 0x4b, 0x18, 0x48, 0x00, 0x00, 0x00,
  0x02, 0x82, 0x00, 0x00, 0x00, 0x04, 0x5a, 0x14, 0x56, 0x00, 0x00, 0x00,
  0x02, 0xcd, 0x02, 0x00, 0x00, 0x04, 0x66, 0x10, 0xcd, 0x00, 0x00, 0x00,
  0x02, 0x38, 0x03, 0x00, 0x00, 0x04, 0x93, 0x17, 0x75, 0x00, 0x00, 0x00,
  0x1a, 0x08, 0x02, 0x36, 0x01, 0x00, 0x00, 0x04, 0xd5, 0x18, 0x48, 0x00,
  0x00, 0x00, 0x07, 0x01, 0x06, 0x4f, 0x01, 0x00, 0x00, 0x1b, 0x3b, 0x01,
  0x00, 0x00, 0x0f, 0x42, 0x01, 0x00, 0x00, 0x07, 0x08, 0x07, 0x6d, 0x01,
  0x00, 0x00, 0x02, 0x2e, 0x01, 0x00, 0x00, 0x05, 0x38, 0x13, 0x69, 0x00,
  0x00, 0x00, 0x02, 0x8c, 0x02, 0x00, 0x00, 0x05, 0x3c, 0x14, 0x7c, 0x00,
  0x00, 0x00, 0x02, 0xcf, 0x00, 0x00, 0x00, 0x06, 0x2a, 0x12, 0x75, 0x00,
  0x00, 0x00, 0x12, 0x05, 0x03, 0x00, 0x00, 0x10, 0x07, 0x2f, 0x9e, 0x01,
  0x00, 0x00, 0x05, 0x7b, 0x00, 0x00, 0x00, 0x07, 0x30, 0x09, 0x6b, 0x01,
  0x00, 0x00, 0x00, 0x05, 0x59, 0x00, 0x00, 0x00, 0x07, 0x31, 0x07, 0x75,
  0x00, 0x00, 0x00, 0x08, 0x00, 0x02, 0x23, 0x01, 0x00, 0x00, 0x08, 0x61,
  0x14, 0xb5, 0x00, 0x00, 0x00, 0x02, 0x8c, 0x01, 0x00, 0x00, 0x08, 0x66,
  0x15, 0xc1, 0x00, 0x00, 0x00, 0x02, 0x9f, 0x02, 0x00, 0x00, 0x08, 0x89,
  0x12, 0xfd, 0x00, 0x00, 0x00, 0x02, 0xcf, 0x02, 0x00, 0x00, 0x08, 0x9b,
  0x12, 0x15, 0x01, 0x00, 0x00, 0x02, 0xe2, 0x02, 0x00, 0x00, 0x08, 0x9f,
  0x12, 0xd9, 0x00, 0x00, 0x00, 0x02, 0x10, 0x03, 0x00, 0x00, 0x08, 0xa3,
  0x12, 0xe5, 0x00, 0x00, 0x00, 0x02, 0x32, 0x03, 0x00, 0x00, 0x08, 0xa7,
  0x12, 0xf1, 0x00, 0x00, 0x00, 0x02, 0x39, 0x03, 0x00, 0x00, 0x08, 0xb6,
  0x12, 0x21, 0x01, 0x00, 0x00, 0x02, 0x84, 0x00, 0x00, 0x00, 0x08, 0xbb,
  0x12, 0x09, 0x01, 0x00, 0x00, 0x02, 0x38, 0x01, 0x00, 0x00, 0x08, 0xc0,
  0x13, 0x2f, 0x01, 0x00, 0x00, 0x12, 0xa8, 0x00, 0x00, 0x00, 0x68, 0x09,
  0x1b, 0xd9, 0x02, 0x00, 0x00, 0x05, 0x9f, 0x00, 0x00, 0x00, 0x09, 0x1d,
  0x0a, 0xce, 0x01, 0x00, 0x00, 0x00, 0x05, 0x60, 0x01, 0x00, 0x00, 0x09,
  0x1e, 0x0a, 0xb6, 0x01, 0x00, 0x00, 0x02, 0x05, 0x16, 0x03, 0x00, 0x00,
  0x09, 0x1f, 0x0a, 0xfe, 0x01, 0x00, 0x00, 0x04, 0x05, 0xad, 0x00, 0x00,
  0x00, 0x09, 0x20, 0x0b, 0x0a, 0x02, 0x00, 0x00, 0x08, 0x05, 0xa5, 0x02,
  0x00, 0x00, 0x09, 0x21, 0x0a, 0xda, 0x01, 0x00, 0x00, 0x0a, 0x05, 0x1a,
  0x01, 0x00, 0x00, 0x09, 0x22, 0x0a, 0xe6, 0x01, 0x00, 0x00, 0x0c, 0x05,
  0xb6, 0x00, 0x00, 0x00, 0x09, 0x23, 0x0a, 0xce, 0x01, 0x00, 0x00, 0x0e,
  0x05, 0xac, 0x02, 0x00, 0x00, 0x09, 0x24, 0x0a, 0xc2, 0x01, 0x00, 0x00,
  0x10, 0x05, 0x96, 0x01, 0x00, 0x00, 0x09, 0x34, 0x13, 0x77, 0x01, 0x00,
  0x00, 0x18, 0x05, 0x95, 0x02, 0x00, 0x00, 0x09, 0x35, 0x13, 0x77, 0x01,
  0x00, 0x00, 0x28, 0x05, 0xc5, 0x02, 0x00, 0x00, 0x09, 0x36, 0x13, 0x77,
  0x01, 0x00, 0x00, 0x38, 0x05, 0x0f, 0x01, 0x00, 0x00, 0x09, 0x37, 0x11,
  0xaa, 0x01, 0x00, 0x00, 0x48, 0x05, 0x78, 0x02, 0x00, 0x00, 0x09, 0x38,
  0x0c, 0x9e, 0x01, 0x00, 0x00, 0x50, 0x05, 0xbb, 0x02, 0x00, 0x00, 0x09,
  0x3a, 0x09, 0xd9, 0x02, 0x00, 0x00, 0x58, 0x00, 0x1c, 0x75, 0x00, 0x00,
  0x00, 0xe9, 0x02, 0x00, 0x00, 0x1d, 0x88, 0x00, 0x00, 0x00, 0x01, 0x00,
  0x1e, 0x28, 0x03, 0x00, 0x00, 0x0a, 0x13, 0x0d, 0xf5, 0x02, 0x00, 0x00,
  0x0f, 0x4f, 0x00, 0x00, 0x00, 0x1f, 0xed, 0x02, 0x00, 0x00, 0x01, 0x74,
  0x05, 0x4f, 0x00, 0x00, 0x00, 0x0b, 0xbe, 0x00, 0x00, 0x00, 0x73, 0x05,
  0x4f, 0x00, 0x00, 0x00, 0x2c, 0x03, 0x00, 0x00, 0x03, 0x70, 0x69, 0x64,
  0x00, 0x73, 0x0f, 0x4f, 0x00, 0x00, 0x00, 0x03, 0x73, 0x69, 0x67, 0x00,
  0x73, 0x18, 0x4f, 0x00, 0x00, 0x00, 0x00, 0x0b, 0x84, 0x01, 0x00, 0x00,
  0x72, 0x05, 0x4f, 0x00, 0x00, 0x00, 0x5d, 0x03, 0x00, 0x00, 0x06, 0xe8,
  0x02, 0x00, 0x00, 0x72, 0x17, 0x47, 0x01, 0x00, 0x00, 0x06, 0xe1, 0x03,
  0x00, 0x00, 0x72, 0x21, 0x4f, 0x00, 0x00, 0x00, 0x06, 0x19, 0x03, 0x00,
  0x00, 0x72, 0x2c, 0x4f, 0x00, 0x00, 0x00, 0x00, 0x0b, 0x66, 0x00, 0x00,
  0x00, 0x71, 0x07, 0xc2, 0x01, 0x00, 0x00, 0x8d, 0x03, 0x00, 0x00, 0x03,
  0x66, 0x64, 0x00, 0x71, 0x12, 0x4f, 0x00, 0x00, 0x00, 0x06, 0xf7, 0x03,
  0x00, 0x00, 0x71, 0x1c, 0xc2, 0x01, 0x00, 0x00, 0x06, 0xb4, 0x02, 0x00,
  0x00, 0x71, 0x28, 0x4f, 0x00, 0x00, 0x00, 0x00, 0x10, 0x82, 0x02, 0x00,
  0x00, 0x70, 0x05, 0x4f, 0x00, 0x00, 0x00, 0xc0, 0x02, 0x00, 0x00, 0x80,
  0x00, 0x00, 0x00, 0x0c, 0x00, 0x00, 0x00, 0x00, 0x00, 0x00, 0x00, 0x01,
  0x9c, 0xef, 0x03, 0x00, 0x00, 0x13, 0x66, 0x64, 0x00, 0x70, 0x11, 0x4f,
  0x00, 0x00, 0x00, 0x10, 0x00, 0x00, 0x00, 0x0c, 0x00, 0x00, 0x00, 0x0c,
  0x1e, 0x05, 0x00, 0x00, 0xc0, 0x02, 0x00, 0x00, 0x80, 0x00, 0x00, 0x00,
  0x02, 0xc0, 0x02, 0x00, 0x00, 0x80, 0x00, 0x00, 0x00, 0x0b, 0x00, 0x00,
  0x00, 0x00, 0x00, 0x00, 0x00, 0x70, 0x1e, 0x01, 0x2d, 0x05, 0x00, 0x00,
  0x23, 0x00, 0x00, 0x00, 0x21, 0x00, 0x00, 0x00, 0x00, 0x00, 0x10, 0xa6,
  0x00, 0x00, 0x00, 0x6f, 0x05, 0x4f, 0x00, 0x00, 0x00, 0xa0, 0x02, 0x00,
  0x00, 0x80, 0x00, 0x00, 0x00, 0x1e, 0x00, 0x00, 0x00, 0x00, 0x00, 0x00,
  0x00, 0x01, 0x9c, 0x6b, 0x04, 0x00, 0x00, 0x13, 0x66, 0x64, 0x00, 0x6f,
  0x10, 0x4f, 0x00, 0x00, 0x00, 0x2f, 0x00, 0x00, 0x00, 0x2b, 0x00, 0x00,
  0x00, 0x20, 0x73, 0x74, 0x00, 0x01, 0x6f, 0x21, 0x6b, 0x04, 0x00, 0x00,
  0x01, 0x54, 0x0c, 0x38, 0x05, 0x00, 0x00, 0xa0, 0x02, 0x00, 0x00, 0x80,
  0x00, 0x00, 0x00, 0x02, 0xa0, 0x02, 0x00, 0x00, 0x80, 0x00, 0x00, 0x00,
  0x1d, 0x00, 0x00, 0x00, 0x00, 0x00, 0x00, 0x00, 0x6f, 0x2e, 0x01, 0x47,
  0x05, 0x00, 0x00, 0x44, 0x00, 0x00, 0x00, 0x40, 0x00, 0x00, 0x00, 0x01,
  0x51, 0x05, 0x00, 0x00, 0x57, 0x00, 0x00, 0x00, 0x55, 0x00, 0x00, 0x00,
  0x00, 0x00, 0x0f, 0x16, 0x02, 0x00, 0x00, 0x0b, 0x6b, 0x02, 0x00, 0x00,
  0x6e, 0x05, 0x4f, 0x00, 0x00, 0x00, 0x8a, 0x04, 0x00, 0x00, 0x03, 0x66,
  0x64, 0x00, 0x6e, 0x10, 0x4f, 0x00, 0x00, 0x00, 0x00, 0x21, 0xee, 0x02,
  0x00, 0x00, 0x01, 0x6c, 0x05, 0x4f, 0x00, 0x00, 0x00, 0x01, 0x09, 0xbf,
  0x00, 0x00, 0x00, 0x6b, 0x05, 0x4f, 0x00, 0x00, 0x00, 0xbd, 0x04, 0x00,
  0x00, 0x03, 0x70, 0x69, 0x64, 0x00, 0x6b, 0x0e, 0x4f, 0x00, 0x00, 0x00,
  0x03, 0x73, 0x69, 0x67, 0x00, 0x6b, 0x17, 0x4f, 0x00, 0x00, 0x00, 0x00,
  0x09, 0x85, 0x01, 0x00, 0x00, 0x6a, 0x05, 0x4f, 0x00, 0x00, 0x00, 0xee,
  0x04, 0x00, 0x00, 0x06, 0xe8, 0x02, 0x00, 0x00, 0x6a, 0x16, 0x47, 0x01,
  0x00, 0x00, 0x06, 0xe1, 0x03, 0x00, 0x00, 0x6a, 0x20, 0x4f, 0x00, 0x00,
  0x00, 0x06, 0x19, 0x03, 0x00, 0x00, 0x6a, 0x2b, 0x4f, 0x00, 0x00, 0x00,
  0x00, 0x09, 0x67, 0x00, 0x00, 0x00, 0x69, 0x07, 0xc2, 0x01, 0x00, 0x00,
  0x1e, 0x05, 0x00, 0x00, 0x03, 0x66, 0x64, 0x00, 0x69, 0x11, 0x4f, 0x00,
  0x00, 0x00, 0x06, 0xf7, 0x03, 0x00, 0x00, 0x69, 0x1b, 0xc2, 0x01, 0x00,
  0x00, 0x06, 0xb4, 0x02, 0x00, 0x00, 0x69, 0x27, 0x4f, 0x00, 0x00, 0x00,
  0x00, 0x09, 0x83, 0x02, 0x00, 0x00, 0x68, 0x05, 0x4f, 0x00, 0x00, 0x00,
  0x38, 0x05, 0x00, 0x00, 0x03, 0x66, 0x64, 0x00, 0x68, 0x10, 0x4f, 0x00,
  0x00, 0x00, 0x00, 0x09, 0xa7, 0x00, 0x00, 0x00, 0x60, 0x05, 0x4f, 0x00,
  0x00, 0x00, 0x5c, 0x05, 0x00, 0x00, 0x03, 0x66, 0x64, 0x00, 0x60, 0x0f,
  0x4f, 0x00, 0x00, 0x00, 0x03, 0x73, 0x74, 0x00, 0x60, 0x20, 0x6b, 0x04,
  0x00, 0x00, 0x00, 0x09, 0x6c, 0x02, 0x00, 0x00, 0x5c, 0x05, 0x4f, 0x00,
  0x00, 0x00, 0x76, 0x05, 0x00, 0x00, 0x03, 0x66, 0x64, 0x00, 0x5c, 0x0f,
  0x4f, 0x00, 0x00, 0x00, 0x00, 0x22, 0xc4, 0x00, 0x00, 0x00, 0x01, 0x54,
  0x06, 0x00, 0x02, 0x00, 0x00, 0x80, 0x00, 0x00, 0x00, 0x10, 0x00, 0x00,
  0x00, 0x00, 0x00, 0x00, 0x00, 0x01, 0x9c, 0xef, 0x05, 0x00, 0x00, 0x0c,
  0x2c, 0x09, 0x00, 0x00, 0x00, 0x02, 0x00, 0x00, 0x80, 0x00, 0x00, 0x00,
  0x02, 0x00, 0x02, 0x00, 0x00, 0x80, 0x00, 0x00, 0x00, 0x0f, 0x00, 0x00,
  0x00, 0x00, 0x00, 0x00, 0x00, 0x55, 0x05, 0x01, 0x3d, 0x09, 0x00, 0x00,
  0x61, 0x00, 0x00, 0x00, 0x5f, 0x00, 0x00, 0x00, 0x01, 0x47, 0x09, 0x00,
  0x00, 0x6c, 0x00, 0x00, 0x00, 0x6a, 0x00, 0x00, 0x00, 0x01, 0x51, 0x09,
  0x00, 0x00, 0x6c, 0x00, 0x00, 0x00, 0x6a, 0x00, 0x00, 0x00, 0x01, 0x5b,
  0x09, 0x00, 0x00, 0x6c, 0x00, 0x00, 0x00, 0x6a, 0x00, 0x00, 0x00, 0x0a,
  0x65, 0x09, 0x00, 0x00, 0x00, 0x00, 0x10, 0x72, 0x02, 0x00, 0x00, 0x4e,
  0x07, 0x2d, 0x01, 0x00, 0x00, 0x80, 0x01, 0x00, 0x00, 0x80, 0x00, 0x00,
  0x00, 0x7e, 0x00, 0x00, 0x00, 0x00, 0x00, 0x00, 0x00, 0x01, 0x9c, 0x3f,
  0x07, 0x00, 0x00, 0x23, 0x61, 0x00, 0x00, 0x00, 0x01, 0x4e, 0x17, 0x8f,
  0x00, 0x00, 0x00, 0x7f, 0x00, 0x00, 0x00, 0x75, 0x00, 0x00, 0x00, 0x0e,
  0x4e, 0x08, 0x00, 0x00, 0x8e, 0x01, 0x00, 0x00, 0x80, 0x00, 0x00, 0x00,
  0x00, 0x36, 0x00, 0x00, 0x00, 0x4e, 0x26, 0x01, 0x5d, 0x08, 0x00, 0x00,
  0xb0, 0x00, 0x00, 0x00, 0xa6, 0x00, 0x00, 0x00, 0x0d, 0x7e, 0x08, 0x00,
  0x00, 0xdb, 0x00, 0x00, 0x00, 0xd7, 0x00, 0x00, 0x00, 0x0d, 0x89, 0x08,
  0x00, 0x00, 0xf4, 0x00, 0x00, 0x00, 0xf2, 0x00, 0x00, 0x00, 0x14, 0x94,
  0x08, 0x00, 0x00, 0x50, 0x00, 0x00, 0x00, 0xd4, 0x06, 0x00, 0x00, 0x0d,
  0x95, 0x08, 0x00, 0x00, 0xfe, 0x00, 0x00, 0x00, 0xfc, 0x00, 0x00, 0x00,
  0x0c, 0x2c, 0x09, 0x00, 0x00, 0x97, 0x01, 0x00, 0x00, 0x80, 0x00, 0x00,
  0x00, 0x01, 0x97, 0x01, 0x00, 0x00, 0x80, 0x00, 0x00, 0x00, 0x0f, 0x00,
  0x00, 0x00, 0x00, 0x00, 0x00, 0x00, 0x30, 0x21, 0x01, 0x3d, 0x09, 0x00,
  0x00, 0x08, 0x01, 0x00, 0x00, 0x06, 0x01, 0x00, 0x00, 0x01, 0x47, 0x09,
  0x00, 0x00, 0x13, 0x01, 0x00, 0x00, 0x11, 0x01, 0x00, 0x00, 0x01, 0x51,
  0x09, 0x00, 0x00, 0x13, 0x01, 0x00, 0x00, 0x11, 0x01, 0x00, 0x00, 0x01,
  0x5b, 0x09, 0x00, 0x00, 0x13, 0x01, 0x00, 0x00, 0x11, 0x01, 0x00, 0x00,
  0x0a, 0x65, 0x09, 0x00, 0x00, 0x00, 0x00, 0x15, 0x2c, 0x09, 0x00, 0x00,
  0xb4, 0x01, 0x00, 0x00, 0x80, 0x00, 0x00, 0x00, 0x01, 0xb4, 0x01, 0x00,
  0x00, 0x80, 0x00, 0x00, 0x00, 0x0f, 0x00, 0x00, 0x00, 0x00, 0x00, 0x00,
  0x00, 0x30, 0x07, 0x00, 0x00, 0x01, 0x3d, 0x09, 0x00, 0x00, 0x1e, 0x01,
  0x00, 0x00, 0x1c, 0x01, 0x00, 0x00, 0x01, 0x47, 0x09, 0x00, 0x00, 0x29,
  0x01, 0x00, 0x00, 0x27, 0x01, 0x00, 0x00, 0x01, 0x51, 0x09, 0x00, 0x00,
  0x33, 0x01, 0x00, 0x00, 0x31, 0x01, 0x00, 0x00, 0x01, 0x5b, 0x09, 0x00,
  0x00, 0x33, 0x01, 0x00, 0x00, 0x31, 0x01, 0x00, 0x00, 0x0a, 0x65, 0x09,
  0x00, 0x00, 0x00, 0x16, 0xec, 0x01, 0x00, 0x00, 0x80, 0x00, 0x00, 0x00,
  0xe9, 0x02, 0x00, 0x00, 0x00, 0x00, 0x24, 0x8b, 0x00, 0x00, 0x00, 0x01,
  0x4d, 0x06, 0x60, 0x01, 0x00, 0x00, 0x80, 0x00, 0x00, 0x00, 0x13, 0x00,
  0x00, 0x00, 0x00, 0x00, 0x00, 0x00, 0x01, 0x9c, 0xe8, 0x07, 0x00, 0x00,
  0x25, 0xb1, 0x01, 0x00, 0x00, 0x01, 0x4d, 0x10, 0x4f, 0x00, 0x00, 0x00,
  0x01, 0x55, 0x0c, 0xa2, 0x08, 0x00, 0x00, 0x60, 0x01, 0x00, 0x00, 0x80,
  0x00, 0x00, 0x00, 0x02, 0x60, 0x01, 0x00, 0x00, 0x80, 0x00, 0x00, 0x00,
  0x13, 0x00, 0x00, 0x00, 0x00, 0x00, 0x00, 0x00, 0x4d, 0x1a, 0x01, 0xaf,
  0x08, 0x00, 0x00, 0x3e, 0x01, 0x00, 0x00, 0x3c, 0x01, 0x00, 0x00, 0x0e,
  0x2c, 0x09, 0x00, 0x00, 0x60, 0x01, 0x00, 0x00, 0x80, 0x00, 0x00, 0x00,
  0x04, 0x2b, 0x00, 0x00, 0x00, 0x24, 0x05, 0x01, 0x3d, 0x09, 0x00, 0x00,
  0x48, 0x01, 0x00, 0x00, 0x46, 0x01, 0x00, 0x00, 0x01, 0x47, 0x09, 0x00,
  0x00, 0x55, 0x01, 0x00, 0x00, 0x51, 0x01, 0x00, 0x00, 0x01, 0x51, 0x09,
  0x00, 0x00, 0x6e, 0x01, 0x00, 0x00, 0x6c, 0x01, 0x00, 0x00, 0x01, 0x5b,
  0x09, 0x00, 0x00, 0x6e, 0x01, 0x00, 0x00, 0x6c, 0x01, 0x00, 0x00, 0x0a,
  0x65, 0x09, 0x00, 0x00, 0x00, 0x00, 0x00, 0x0b, 0x67, 0x01, 0x00, 0x00,
  0x4c, 0x09, 0xf2, 0x01, 0x00, 0x00, 0x18, 0x08, 0x00, 0x00, 0x03, 0x66,
  0x64, 0x00, 0x4c, 0x13, 0x4f, 0x00, 0x00, 0x00, 0x03, 0x62, 0x75, 0x66,
  0x00, 0x4c, 0x1d, 0x2d, 0x01, 0x00, 0x00, 0x06, 0x7c, 0x05, 0x00, 0x00,
  0x4c, 0x29, 0x9b, 0x00, 0x00, 0x00, 0x00, 0x0b, 0x66, 0x04, 0x00, 0x00,
  0x4b, 0x09, 0xf2, 0x01, 0x00, 0x00, 0x48, 0x08, 0x00, 0x00, 0x03, 0x66,
  0x64, 0x00, 0x4b, 0x14, 0x4f, 0x00, 0x00, 0x00, 0x03, 0x62, 0x75, 0x66,
  0x00, 0x4b, 0x24, 0x48, 0x08, 0x00, 0x00, 0x06, 0x7c, 0x05, 0x00, 0x00,
  0x4b, 0x30, 0x9b, 0x00, 0x00, 0x00, 0x00, 0x0f, 0x4d, 0x08, 0x00, 0x00,
  0x26, 0x09, 0x73, 0x02, 0x00, 0x00, 0x2b, 0x07, 0x2d, 0x01, 0x00, 0x00,
  0xa2, 0x08, 0x00, 0x00, 0x06, 0x61, 0x00, 0x00, 0x00, 0x2b, 0x16, 0x8f,
  0x00, 0x00, 0x00, 0x27, 0xf5, 0x02, 0x00, 0x00, 0x01, 0x2c, 0x14, 0x53,
  0x01, 0x00, 0x00, 0x09, 0x03, 0x00, 0x30, 0x00, 0x00, 0x80, 0x00, 0x00,
  0x00, 0x11, 0xd6, 0x00, 0x00, 0x00, 0x3c, 0x0d, 0x53, 0x01, 0x00, 0x00,
  0x11, 0xe5, 0x00, 0x00, 0x00, 0x42, 0x0b, 0x2d, 0x01, 0x00, 0x00, 0x28,
  0x11, 0x6d, 0x00, 0x00, 0x00, 0x30, 0x11, 0x53, 0x01, 0x00, 0x00, 0x00,
  0x00, 0x29, 0x8c, 0x00, 0x00, 0x00, 0x01, 0x23, 0x06, 0x01, 0xbb, 0x08,
  0x00, 0x00, 0x06, 0xb1, 0x01, 0x00, 0x00, 0x23, 0x0f, 0x4f, 0x00, 0x00,
  0x00, 0x00, 0x09, 0x68, 0x01, 0x00, 0x00, 0x1f, 0x09, 0xf2, 0x01, 0x00,
  0x00, 0xeb, 0x08, 0x00, 0x00, 0x03, 0x66, 0x64, 0x00, 0x1f, 0x12, 0x4f,
  0x00, 0x00, 0x00, 0x03, 0x62, 0x75, 0x66, 0x00, 0x1f, 0x1c, 0x2d, 0x01,
  0x00, 0x00, 0x06, 0x7c, 0x05, 0x00, 0x00, 0x1f, 0x28, 0x9b, 0x00, 0x00,
  0x00, 0x00, 0x09, 0x67, 0x04, 0x00, 0x00, 0x1b, 0x09, 0xf2, 0x01, 0x00,
  0x00, 0x1b, 0x09, 0x00, 0x00, 0x03, 0x66, 0x64, 0x00, 0x1b, 0x13, 0x4f,
  0x00, 0x00, 0x00, 0x03, 0x62, 0x75, 0x66, 0x00, 0x1b, 0x23, 0x48, 0x08,
  0x00, 0x00, 0x06, 0x7c, 0x05, 0x00, 0x00, 0x1b, 0x2f, 0x9b, 0x00, 0x00,
  0x00, 0x00, 0x2a, 0x40, 0x01, 0x00, 0x00, 0x01, 0x19, 0x06, 0x2b, 0xda,
  0x05, 0x00, 0x00, 0x01, 0x18, 0x06, 0x01, 0x2c, 0x06, 0x01, 0x00, 0x00,
  0x01, 0x0d, 0x17, 0x53, 0x01, 0x00, 0x00, 0x03, 0x72, 0x09, 0x00, 0x00,
  0x03, 0x6e, 0x72, 0x00, 0x0d, 0x29, 0x5f, 0x01, 0x00, 0x00, 0x03, 0x61,
  0x30, 0x00, 0x0d, 0x36, 0x5f, 0x01, 0x00, 0x00, 0x03, 0x61, 0x31, 0x00,
  0x0d, 0x43, 0x5f, 0x01, 0x00, 0x00, 0x03, 0x61, 0x32, 0x00, 0x0d, 0x50,
  0x5f, 0x01, 0x00, 0x00, 0x2d, 0x72, 0x65, 0x74, 0x00, 0x01, 0x0e, 0x0d,
  0x53, 0x01, 0x00, 0x00, 0x00, 0x17, 0x23, 0x09, 0x00, 0x00, 0x60, 0x00,
  0x00, 0x00, 0x80, 0x00, 0x00, 0x00, 0x01, 0x00, 0x00, 0x00, 0x00, 0x00,
  0x00, 0x00, 0x01, 0x9c, 0x08, 0xeb, 0x08, 0x00, 0x00, 0x80, 0x00, 0x00,
  0x00, 0x80, 0x00, 0x00, 0x00, 0x0b, 0x00, 0x00, 0x00, 0x00, 0x00, 0x00,
  0x00, 0x01, 0x9c, 0x08, 0x0a, 0x00, 0x00, 0x04, 0xfa, 0x08, 0x00, 0x00,
  0x01, 0x55, 0x04, 0x04, 0x09, 0x00, 0x00, 0x01, 0x54, 0x04, 0x0f, 0x09,
  0x00, 0x00, 0x01, 0x51, 0x0e, 0x2c, 0x09, 0x00, 0x00, 0x80, 0x00, 0x00,
  0x00, 0x80, 0x00, 0x00, 0x00, 0x02, 0x0c, 0x00, 0x00, 0x00, 0x1c, 0x15,
  0x01, 0x3d, 0x09, 0x00, 0x00, 0x79, 0x01, 0x00, 0x00, 0x77, 0x01, 0x00,
  0x00, 0x01, 0x47, 0x09, 0x00, 0x00, 0x84, 0x01, 0x00, 0x00, 0x80, 0x01,
  0x00, 0x00, 0x01, 0x51, 0x09, 0x00, 0x00, 0x99, 0x01, 0x00, 0x00, 0x97,
  0x01, 0x00, 0x00, 0x01, 0x5b, 0x09, 0x00, 0x00, 0xa1, 0x01, 0x00, 0x00,
  0x9f, 0x01, 0x00, 0x00, 0x0a, 0x65, 0x09, 0x00, 0x00, 0x00, 0x00, 0x08,
  0xbb, 0x08, 0x00, 0x00, 0x90, 0x00, 0x00, 0x00, 0x80, 0x00, 0x00, 0x00,
  0x0b, 0x00, 0x00, 0x00, 0x00, 0x00, 0x00, 0x00, 0x01, 0x9c, 0x87, 0x0a,
  0x00, 0x00, 0x04, 0xca, 0x08, 0x00, 0x00, 0x01, 0x55, 0x04, 0xd4, 0x08,
  0x00, 0x00, 0x01, 0x54, 0x04, 0xdf, 0x08, 0x00, 0x00, 0x01, 0x51, 0x0e,
  0x2c, 0x09, 0x00, 0x00, 0x90, 0x00, 0x00, 0x00, 0x80, 0x00, 0x00, 0x00,
  0x02, 0x13, 0x00, 0x00, 0x00, 0x20, 0x15, 0x01, 0x3d, 0x09, 0x00, 0x00,
  0xa9, 0x01, 0x00, 0x00, 0xa7, 0x01, 0x00, 0x00, 0x01, 0x47, 0x09, 0x00,
  0x00, 0xb4, 0x01, 0x00, 0x00, 0xb0, 0x01, 0x00, 0x00, 0x01, 0x51, 0x09,
  0x00, 0x00, 0xc9, 0x01, 0x00, 0x00, 0xc7, 0x01, 0x00, 0x00, 0x01, 0x5b,
  0x09, 0x00, 0x00, 0xd1, 0x01, 0x00, 0x00, 0xcf, 0x01, 0x00, 0x00, 0x0a,
  0x65, 0x09, 0x00, 0x00, 0x00, 0x00, 0x08, 0xa2, 0x08, 0x00, 0x00, 0xa0,
  0x00, 0x00, 0x00, 0x80, 0x00, 0x00, 0x00, 0x13, 0x00, 0x00, 0x00, 0x00,
  0x00, 0x00, 0x00, 0x01, 0x9c, 0xf8, 0x0a, 0x00, 0x00, 0x04, 0xaf, 0x08,
  0x00, 0x00, 0x01, 0x55, 0x0e, 0x2c, 0x09, 0x00, 0x00, 0xa0, 0x00, 0x00,
  0x00, 0x80, 0x00, 0x00, 0x00, 0x02, 0x1a, 0x00, 0x00, 0x00, 0x24, 0x05,
  0x01, 0x3d, 0x09, 0x00, 0x00, 0xd9, 0x01, 0x00, 0x00, 0xd7, 0x01, 0x00,
  0x00, 0x01, 0x47, 0x09, 0x00, 0x00, 0xe4, 0x01, 0x00, 0x00, 0xe0, 0x01,
  0x00, 0x00, 0x01, 0x51, 0x09, 0x00, 0x00, 0xf9, 0x01, 0x00, 0x00, 0xf7,
  0x01, 0x00, 0x00, 0x01, 0x5b, 0x09, 0x00, 0x00, 0xf9, 0x01, 0x00, 0x00,
  0xf7, 0x01, 0x00, 0x00, 0x0a, 0x65, 0x09, 0x00, 0x00, 0x00, 0x00, 0x08,
  0x4e, 0x08, 0x00, 0x00, 0xc0, 0x00, 0x00, 0x00, 0x80, 0x00, 0x00, 0x00,
  0x7e, 0x00, 0x00, 0x00, 0x00, 0x00, 0x00, 0x00, 0x01, 0x9c, 0x19, 0x0c,
  0x00, 0x00, 0x01, 0x5d, 0x08, 0x00, 0x00, 0x0a, 0x02, 0x00, 0x00, 0x00,
  0x02, 0x00, 0x00, 0x0d, 0x7e, 0x08, 0x00, 0x00, 0x32, 0x02, 0x00, 0x00,
  0x2e, 0x02, 0x00, 0x00, 0x0d, 0x89, 0x08, 0x00, 0x00, 0x4b, 0x02, 0x00,
  0x00, 0x49, 0x02, 0x00, 0x00, 0x14, 0x94, 0x08, 0x00, 0x00, 0x21, 0x00,
  0x00, 0x00, 0xaf, 0x0b, 0x00, 0x00, 0x0d, 0x95, 0x08, 0x00, 0x00, 0x55,
  0x02, 0x00, 0x00, 0x53, 0x02, 0x00, 0x00, 0x0c, 0x2c, 0x09, 0x00, 0x00,
  0xd7, 0x00, 0x00, 0x00, 0x80, 0x00, 0x00, 0x00, 0x01, 0xd7, 0x00, 0x00,
  0x00, 0x80, 0x00, 0x00, 0x00, 0x0f, 0x00, 0x00, 0x00, 0x00, 0x00, 0x00,
  0x00, 0x30, 0x21, 0x01, 0x3d, 0x09, 0x00, 0x00, 0x5f, 0x02, 0x00, 0x00,
  0x5d, 0x02, 0x00, 0x00, 0x01, 0x47, 0x09, 0x00, 0x00, 0x69, 0x02, 0x00,
  0x00, 0x67, 0x02, 0x00, 0x00, 0x01, 0x51, 0x09, 0x00, 0x00, 0x69, 0x02,
  0x00, 0x00, 0x67, 0x02, 0x00, 0x00, 0x01, 0x5b, 0x09, 0x00, 0x00, 0x69,
  0x02, 0x00, 0x00, 0x67, 0x02, 0x00, 0x00, 0x0a, 0x65, 0x09, 0x00, 0x00,
  0x00, 0x00, 0x15, 0x2c, 0x09, 0x00, 0x00, 0xf4, 0x00, 0x00, 0x00, 0x80,
  0x00, 0x00, 0x00, 0x01, 0xf4, 0x00, 0x00, 0x00, 0x80, 0x00, 0x00, 0x00,
  0x0f, 0x00, 0x00, 0x00, 0x00, 0x00, 0x00, 0x00, 0x0b, 0x0c, 0x00, 0x00,
  0x01, 0x3d, 0x09, 0x00, 0x00, 0x73, 0x02, 0x00, 0x00, 0x71, 0x02, 0x00,
  0x00, 0x01, 0x47, 0x09, 0x00, 0x00, 0x7e, 0x02, 0x00, 0x00, 0x7c, 0x02,
  0x00, 0x00, 0x01, 0x51, 0x09, 0x00, 0x00, 0x88, 0x02, 0x00, 0x00, 0x86,
  0x02, 0x00, 0x00, 0x01, 0x5b, 0x09, 0x00, 0x00, 0x88, 0x02, 0x00, 0x00,
  0x86, 0x02, 0x00, 0x00, 0x0a, 0x65, 0x09, 0x00, 0x00, 0x00, 0x16, 0x2c,
  0x01, 0x00, 0x00, 0x80, 0x00, 0x00, 0x00, 0xe9, 0x02, 0x00, 0x00, 0x00,
  0x08, 0x5c, 0x05, 0x00, 0x00, 0x10, 0x02, 0x00, 0x00, 0x80, 0x00, 0x00,
  0x00, 0x06, 0x00, 0x00, 0x00, 0x00, 0x00, 0x00, 0x00, 0x01, 0x9c, 0x3c,
  0x0c, 0x00, 0x00, 0x04, 0x6b, 0x05, 0x00, 0x00, 0x01, 0x55, 0x00, 0x08,
  0x38, 0x05, 0x00, 0x00, 0x20, 0x02, 0x00, 0x00, 0x80, 0x00, 0x00, 0x00,
  0x1e, 0x00, 0x00, 0x00, 0x00, 0x00, 0x00, 0x00, 0x01, 0x9c, 0x6c, 0x0c,
  0x00, 0x00, 0x01, 0x47, 0x05, 0x00, 0x00, 0x95, 0x02, 0x00, 0x00, 0x91,
  0x02, 0x00, 0x00, 0x04, 0x51, 0x05, 0x00, 0x00, 0x01, 0x54, 0x00, 0x08,
  0x1e, 0x05, 0x00, 0x00, 0x40, 0x02, 0x00, 0x00, 0x80, 0x00, 0x00, 0x00,
  0x0c, 0x00, 0x00, 0x00, 0x00, 0x00, 0x00, 0x00, 0x01, 0x9c, 0x95, 0x0c,
  0x00, 0x00, 0x01, 0x2d, 0x05, 0x00, 0x00, 0xaa, 0x02, 0x00, 0x00, 0xa6,
  0x02, 0x00, 0x00, 0x00, 0x08, 0xee, 0x04, 0x00, 0x00, 0x50, 0x02, 0x00,
  0x00, 0x80, 0x00, 0x00, 0x00, 0x08, 0x00, 0x00, 0x00, 0x00, 0x00, 0x00,
  0x00, 0x01, 0x9c, 0xc6, 0x0c, 0x00, 0x00, 0x04, 0xfd, 0x04, 0x00, 0x00,
  0x01, 0x55, 0x04, 0x07, 0x05, 0x00, 0x00, 0x01, 0x54, 0x04, 0x12, 0x05,
  0x00, 0x00, 0x01, 0x51, 0x00, 0x08, 0xbd, 0x04, 0x00, 0x00, 0x60, 0x02,
  0x00, 0x00, 0x80, 0x00, 0x00, 0x00, 0x06, 0x00, 0x00, 0x00, 0x00, 0x00,
  0x00, 0x00, 0x01, 0x9c, 0xf7, 0x0c, 0x00, 0x00, 0x04, 0xcc, 0x04, 0x00,
  0x00, 0x01, 0x55, 0x04, 0xd7, 0x04, 0x00, 0x00, 0x01, 0x54, 0x04, 0xe2,
  0x04, 0x00, 0x00, 0x01, 0x51, 0x00, 0x08, 0x97, 0x04, 0x00, 0x00, 0x70,
  0x02, 0x00, 0x00, 0x80, 0x00, 0x00, 0x00, 0x06, 0x00, 0x00, 0x00, 0x00,
  0x00, 0x00, 0x00, 0x01, 0x9c, 0x21, 0x0d, 0x00, 0x00, 0x04, 0xa6, 0x04,
  0x00, 0x00, 0x01, 0x55, 0x04, 0xb1, 0x04, 0x00, 0x00, 0x01, 0x54, 0x00,
  0x17, 0x8a, 0x04, 0x00, 0x00, 0x80, 0x02, 0x00, 0x00, 0x80, 0x00, 0x00,
  0x00, 0x06, 0x00, 0x00, 0x00, 0x00, 0x00, 0x00, 0x00, 0x01, 0x9c, 0x00,
  0xd2, 0x09, 0x00, 0x00, 0x05, 0x00, 0x01, 0x08, 0xfc, 0x02, 0x00, 0x00,
  0x17, 0xb8, 0x01, 0x00, 0x00, 0x1d, 0x03, 0x47, 0x16, 0x03, 0x00, 0xf0,
  0x00, 0x00, 0x00, 0x00, 0x00, 0x00, 0x00, 0x10, 0x03, 0x00, 0x00, 0x80,
  0x00, 0x00, 0x00, 0xd8, 0x00, 0x00, 0x00, 0x00, 0x00, 0x00, 0x00, 0xde,
  0x03, 0x00, 0x00, 0x06, 0x08, 0x05, 0x96, 0x00, 0x00, 0x00, 0x06, 0x08,
  0x07, 0x72, 0x01, 0x00, 0x00, 0x18, 0x04, 0x05, 0x69, 0x6e, 0x74, 0x00,
  0x06, 0x08, 0x05, 0x91, 0x00, 0x00, 0x00, 0x06, 0x10, 0x04, 0x54, 0x01,
  0x00, 0x00, 0x06, 0x01, 0x06, 0x48, 0x01, 0x00, 0x00, 0x06, 0x01, 0x08,
  0x46, 0x01, 0x00, 0x00, 0x06, 0x02, 0x05, 0xfc, 0x00, 0x00, 0x00, 0x06,
  0x02, 0x07, 0x9e, 0x01, 0x00, 0x00, 0x06, 0x04, 0x07, 0x77, 0x01, 0x00,
  0x00, 0x12, 0xb6, 0x04, 0x00, 0x00, 0x02, 0x76, 0x01, 0x17, 0x72, 0x00,
  0x00, 0x00, 0x0c, 0xce, 0x02, 0x00, 0x00, 0x03, 0x2e, 0x0e, 0x33, 0x00,
  0x00, 0x00, 0x0c, 0x9c, 0x05, 0x00, 0x00, 0x03, 0x74, 0x0e, 0x33, 0x00,
  0x00, 0x00, 0x19, 0x04, 0x03, 0xa5, 0x03, 0xbe, 0x00, 0x00, 0x00, 0x13,
  0xb0, 0x04, 0x00, 0x00, 0xa7, 0x0c, 0x79, 0x00, 0x00, 0x00, 0x13, 0x72,
  0x04, 0x00, 0x00, 0xa8, 0x13, 0xbe, 0x00, 0x00, 0x00, 0x00, 0x0a, 0x5d,
  0x00, 0x00, 0x00, 0xce, 0x00, 0x00, 0x00, 0x0b, 0x3a, 0x00, 0x00, 0x00,
  0x03, 0x00, 0x1a, 0x08, 0x03, 0xa2, 0x09, 0xf2, 0x00, 0x00, 0x00, 0x02,
  0x7a, 0x05, 0x00, 0x00, 0x03, 0xa4, 0x07, 0x41, 0x00, 0x00, 0x00, 0x00,
  0x02, 0x82, 0x05, 0x00, 0x00, 0x03, 0xa9, 0x05, 0x9e, 0x00, 0x00, 0x00,
  0x04, 0x00, 0x0c, 0x21, 0x05, 0x00, 0x00, 0x03, 0xaa, 0x03, 0xce, 0x00,
  0x00, 0x00, 0x1b, 0x08, 0x0c, 0xe5, 0x05, 0x00, 0x00, 0x04, 0x1a, 0x19,
  0x72, 0x00, 0x00, 0x00, 0x0c, 0xf7, 0x04, 0x00, 0x00, 0x05, 0x0c, 0x0d,
  0x41, 0x00, 0x00, 0x00, 0x0c, 0x30, 0x04, 0x00, 0x00, 0x04, 0x24, 0x1b,
  0x0c, 0x01, 0x00, 0x00, 0x0d, 0x41, 0x04, 0x00, 0x00, 0x20, 0x35, 0x7a,
  0x01, 0x00, 0x00, 0x02, 0x42, 0x05, 0x00, 0x00, 0x04, 0x37, 0x13, 0x7a,
  0x01, 0x00, 0x00, 0x00, 0x07, 0x5f, 0x6b, 0x00, 0x38, 0x07, 0x41, 0x00,
  0x00, 0x00, 0x08, 0x02, 0x6c, 0x05, 0x00, 0x00, 0x04, 0x38, 0x0b, 0x41,
  0x00, 0x00, 0x00, 0x0c, 0x02, 0x2a, 0x04, 0x00, 0x00, 0x04, 0x38, 0x14,
  0x41, 0x00, 0x00, 0x00, 0x10, 0x02, 0xfa, 0x05, 0x00, 0x00, 0x04, 0x38,
  0x1b, 0x41, 0x00, 0x00, 0x00, 0x14, 0x07, 0x5f, 0x78, 0x00, 0x39, 0x0b,
  0x7f, 0x01, 0x00, 0x00, 0x18, 0x00, 0x03, 0x24, 0x01, 0x00, 0x00, 0x0a,
  0x00, 0x01, 0x00, 0x00, 0x8f, 0x01, 0x00, 0x00, 0x0b, 0x3a, 0x00, 0x00,
  0x00, 0x00, 0x00, 0x0d, 0x6d, 0x04, 0x00, 0x00, 0x24, 0x3d, 0x10, 0x02,
  0x00, 0x00, 0x02, 0xad, 0x03, 0x00, 0x00, 0x04, 0x3f, 0x09, 0x41, 0x00,
  0x00, 0x00, 0x00, 0x02, 0xa4, 0x05, 0x00, 0x00, 0x04, 0x40, 0x09, 0x41,
  0x00, 0x00, 0x00, 0x04, 0x02, 0xc2, 0x03, 0x00, 0x00, 0x04, 0x41, 0x09,
  0x41, 0x00, 0x00, 0x00, 0x08, 0x02, 0x55, 0x06, 0x00, 0x00, 0x04, 0x42,
  0x09, 0x41, 0x00, 0x00, 0x00, 0x0c, 0x02, 0xe4, 0x04, 0x00, 0x00, 0x04,
  0x43, 0x09, 0x41, 0x00, 0x00, 0x00, 0x10, 0x02, 0xcb, 0x04, 0x00, 0x00,
  0x04, 0x44, 0x09, 0x41, 0x00, 0x00, 0x00, 0x14, 0x02, 0xff, 0x05, 0x00,
  0x00, 0x04, 0x45, 0x09, 0x41, 0x00, 0x00, 0x00, 0x18, 0x02, 0x09, 0x05,
  0x00, 0x00, 0x04, 0x46, 0x09, 0x41, 0x00, 0x00, 0x00, 0x1c, 0x02, 0x23,
  0x06, 0x00, 0x00, 0x04, 0x47, 0x09, 0x41, 0x00, 0x00, 0x00, 0x20, 0x00,
  0x0d, 0x13, 0x05, 0x00, 0x00, 0x10, 0x74, 0x36, 0x02, 0x00, 0x00, 0x02,
  0xbc, 0x03, 0x00, 0x00, 0x04, 0x75, 0x11, 0x36, 0x02, 0x00, 0x00, 0x00,
  0x02, 0xae, 0x02, 0x00, 0x00, 0x04, 0x76, 0x06, 0x41, 0x00, 0x00, 0x00,
  0x08, 0x00, 0x03, 0x5d, 0x00, 0x00, 0x00, 0x0d, 0x2c, 0x05, 0x00, 0x00,
  0xb0, 0x99, 0x74, 0x03, 0x00, 0x00, 0x07, 0x5f, 0x70, 0x00, 0x9a, 0x12,
  0x36, 0x02, 0x00, 0x00, 0x00, 0x07, 0x5f, 0x72, 0x00, 0x9b, 0x07, 0x41,
  0x00, 0x00, 0x00, 0x08, 0x07, 0x5f, 0x77, 0x00, 0x9c, 0x07, 0x41, 0x00,
  0x00, 0x00, 0x0c, 0x02, 0xe0, 0x03, 0x00, 0x00, 0x04, 0x9d, 0x09, 0x64,
  0x00, 0x00, 0x00, 0x10, 0x02, 0x89, 0x04, 0x00, 0x00, 0x04, 0x9e, 0x09,
  0x64, 0x00, 0x00, 0x00, 0x12, 0x07, 0x5f, 0x62, 0x66, 0x00, 0x9f, 0x11,
  0x10, 0x02, 0x00, 0x00, 0x18, 0x02, 0x7c, 0x03, 0x00, 0x00, 0x04, 0xa0,
  0x07, 0x41, 0x00, 0x00, 0x00, 0x28, 0x02, 0x24, 0x04, 0x00, 0x00, 0x04,
  0xa3, 0x12, 0x79, 0x04, 0x00, 0x00, 0x30, 0x02, 0xd1, 0x03, 0x00, 0x00,
  0x04, 0xa7, 0x0a, 0xfe, 0x00, 0x00, 0x00, 0x38, 0x02, 0x67, 0x01, 0x00,
  0x00, 0x04, 0xa9, 0x1d, 0xad, 0x04, 0x00, 0x00, 0x40, 0x02, 0x66, 0x04,
  0x00, 0x00, 0x04, 0xab, 0x1d, 0xd5, 0x04, 0x00, 0x00, 0x48, 0x02, 0x8a,
  0x05, 0x00, 0x00, 0x04, 0xae, 0x0d, 0xf8, 0x04, 0x00, 0x00, 0x50, 0x02,
  0x6b, 0x02, 0x00, 0x00, 0x04, 0xaf, 0x09, 0x11, 0x05, 0x00, 0x00, 0x58,
  0x07, 0x5f, 0x75, 0x62, 0x00, 0xb2, 0x11, 0x10, 0x02, 0x00, 0x00, 0x60,
  0x07, 0x5f, 0x75, 0x70, 0x00, 0xb3, 0x12, 0x36, 0x02, 0x00, 0x00, 0x70,
  0x07, 0x5f, 0x75, 0x72, 0x00, 0xb4, 0x07, 0x41, 0x00, 0x00, 0x00, 0x78,
  0x02, 0xb6, 0x03, 0x00, 0x00, 0x04, 0xb7, 0x11, 0x16, 0x05, 0x00, 0x00,
  0x7c, 0x02, 0x1d, 0x06, 0x00, 0x00, 0x04, 0xb8, 0x11, 0x26, 0x05, 0x00,
  0x00, 0x7f, 0x07, 0x5f, 0x6c, 0x62, 0x00, 0xbb, 0x11, 0x10, 0x02, 0x00,
  0x00, 0x80, 0x02, 0x11, 0x01, 0x00, 0x00, 0x04, 0xbe, 0x07, 0x41, 0x00,
  0x00, 0x00, 0x90, 0x02, 0xf6, 0x03, 0x00, 0x00, 0x04, 0xbf, 0x0a, 0x86,
  0x00, 0x00, 0x00, 0x98, 0x02, 0xbd, 0x04, 0x00, 0x00, 0x04, 0xc6, 0x0c,
  0x18, 0x01, 0x00, 0x00, 0xa0, 0x02, 0x34, 0x05, 0x00, 0x00, 0x04, 0xc8,
  0x0e, 0xf2, 0x00, 0x00, 0x00, 0xa4, 0x02, 0xc3, 0x04, 0x00, 0x00, 0x04,
  0xc9, 0x09, 0x41, 0x00, 0x00, 0x00, 0xac, 0x00, 0x0e, 0xc5, 0x05, 0x00,
  0x00, 0x90, 0x7b, 0x01, 0x79, 0x04, 0x00, 0x00, 0x01, 0x29, 0x03, 0x00,
  0x00, 0x7f, 0x01, 0x07, 0x41, 0x00, 0x00, 0x00, 0x00, 0x01, 0xe7, 0x03,
  0x00, 0x00, 0x84, 0x01, 0x0b, 0x43, 0x05, 0x00, 0x00, 0x08, 0x01, 0x79,
  0x04, 0x00, 0x00, 0x84, 0x01, 0x14, 0x43, 0x05, 0x00, 0x00, 0x10, 0x01,
  0x39, 0x04, 0x00, 0x00, 0x84, 0x01, 0x1e, 0x43, 0x05, 0x00, 0x00, 0x18,
  0x01, 0x55, 0x05, 0x00, 0x00, 0x86, 0x01, 0x08, 0x41, 0x00, 0x00, 0x00,
  0x20, 0x01, 0x49, 0x03, 0x00, 0x00, 0x88, 0x01, 0x09, 0x9c, 0x04, 0x00,
  0x00, 0x28, 0x01, 0x5a, 0x05, 0x00, 0x00, 0x8e, 0x01, 0x16, 0x97, 0x06,
  0x00, 0x00, 0x30, 0x1c, 0x5f, 0x6d, 0x70, 0x00, 0x04, 0x90, 0x01, 0x12,
  0x9c, 0x06, 0x00, 0x00, 0x38, 0x01, 0x62, 0x05, 0x00, 0x00, 0x92, 0x01,
  0x0a, 0xac, 0x06, 0x00, 0x00, 0x40, 0x01, 0x49, 0x04, 0x00, 0x00, 0x94,
  0x01, 0x07, 0x41, 0x00, 0x00, 0x00, 0x48, 0x01, 0x81, 0x04, 0x00, 0x00,
  0x97, 0x01, 0x07, 0x41, 0x00, 0x00, 0x00, 0x4c, 0x01, 0xee, 0x03, 0x00,
  0x00, 0x98, 0x01, 0x09, 0x9c, 0x04, 0x00, 0x00, 0x50, 0x01, 0x3d, 0x06,
  0x00, 0x00, 0x9a, 0x01, 0x13, 0xb1, 0x06, 0x00, 0x00, 0x58, 0x01, 0x2e,
  0x06, 0x00, 0x00, 0x9b, 0x01, 0x10, 0xb6, 0x06, 0x00, 0x00, 0x60, 0x01,
  0x9b, 0x04, 0x00, 0x00, 0x9c, 0x01, 0x09, 0x9c, 0x04, 0x00, 0x00, 0x68,
  0x01, 0x13, 0x06, 0x00, 0x00, 0x9f, 0x01, 0x0c, 0xc6, 0x06, 0x00, 0x00,
  0x70, 0x01, 0xcc, 0x03, 0x00, 0x00, 0xa7, 0x01, 0x0b, 0x43, 0x05, 0x00,
  0x00, 0x78, 0x01, 0xd5, 0x04, 0x00, 0x00, 0xa8, 0x01, 0x17, 0xd0, 0x06,
  0x00, 0x00, 0x80, 0x01, 0x8f, 0x04, 0x00, 0x00, 0xa9, 0x01, 0x09, 0x9c,
  0x04, 0x00, 0x00, 0x88, 0x00, 0x03, 0x74, 0x03, 0x00, 0x00, 0x0f, 0x41,
  0x00, 0x00, 0x00, 0x9c, 0x04, 0x00, 0x00, 0x04, 0x79, 0x04, 0x00, 0x00,
  0x04, 0xfe, 0x00, 0x00, 0x00, 0x04, 0x9c, 0x04, 0x00, 0x00, 0x04, 0x41,
  0x00, 0x00, 0x00, 0x00, 0x03, 0xa1, 0x04, 0x00, 0x00, 0x06, 0x01, 0x06,
  0x4f, 0x01, 0x00, 0x00, 0x1d, 0xa1, 0x04, 0x00, 0x00, 0x03, 0x7e, 0x04,
  0x00, 0x00, 0x0f, 0x41, 0x00, 0x00, 0x00, 0xd0, 0x04, 0x00, 0x00, 0x04,
  0x79, 0x04, 0x00, 0x00, 0x04, 0xfe, 0x00, 0x00, 0x00, 0x04, 0xd0, 0x04,
  0x00, 0x00, 0x04, 0x41, 0x00, 0x00, 0x00, 0x00, 0x03, 0xa8, 0x04, 0x00,
  0x00, 0x03, 0xb2, 0x04, 0x00, 0x00, 0x0f, 0x92, 0x00, 0x00, 0x00, 0xf8,
  0x04, 0x00, 0x00, 0x04, 0x79, 0x04, 0x00, 0x00, 0x04, 0xfe, 0x00, 0x00,
  0x00, 0x04, 0x92, 0x00, 0x00, 0x00, 0x04, 0x41, 0x00, 0x00, 0x00, 0x00,
  0x03, 0xda, 0x04, 0x00, 0x00, 0x0f, 0x41, 0x00, 0x00, 0x00, 0x11, 0x05,
  0x00, 0x00, 0x04, 0x79, 0x04, 0x00, 0x00, 0x04, 0xfe, 0x00, 0x00, 0x00,
  0x00, 0x03, 0xfd, 0x04, 0x00, 0x00, 0x0a, 0x5d, 0x00, 0x00, 0x00, 0x26,
  0x05, 0x00, 0x00, 0x0b, 0x3a, 0x00, 0x00, 0x00, 0x02, 0x00, 0x0a, 0x5d,
  0x00, 0x00, 0x00, 0x36, 0x05, 0x00, 0x00, 0x0b, 0x3a, 0x00, 0x00, 0x00,
  0x00, 0x00, 0x12, 0x1a, 0x05, 0x00, 0x00, 0x04, 0x0e, 0x01, 0x1a, 0x3b,
  0x02, 0x00, 0x00, 0x03, 0x36, 0x05, 0x00, 0x00, 0x0e, 0x41, 0x03, 0x00,
  0x00, 0x18, 0x32, 0x01, 0x89, 0x05, 0x00, 0x00, 0x01, 0x74, 0x05, 0x00,
  0x00, 0x33, 0x01, 0x12, 0x89, 0x05, 0x00, 0x00, 0x00, 0x01, 0xad, 0x05,
  0x00, 0x00, 0x34, 0x01, 0x12, 0x89, 0x05, 0x00, 0x00, 0x06, 0x01, 0xe0,
  0x05, 0x00, 0x00, 0x35, 0x01, 0x12, 0x6b, 0x00, 0x00, 0x00, 0x0c, 0x01,
  0x3d, 0x05, 0x00, 0x00, 0x38, 0x01, 0x24, 0x99, 0x05, 0x00, 0x00, 0x10,
  0x00, 0x0a, 0x6b, 0x00, 0x00, 0x00, 0x99, 0x05, 0x00, 0x00, 0x0b, 0x3a,
  0x00, 0x00, 0x00, 0x02, 0x00, 0x06, 0x08, 0x07, 0x6d, 0x01, 0x00, 0x00,
  0x0e, 0xd9, 0x03, 0x00, 0x00, 0x20, 0x5c, 0x01, 0xe1, 0x05, 0x00, 0x00,
  0x01, 0xa8, 0x04, 0x00, 0x00, 0x5f, 0x01, 0x13, 0x7a, 0x01, 0x00, 0x00,
  0x00, 0x01, 0x58, 0x04, 0x00, 0x00, 0x60, 0x01, 0x07, 0x41, 0x00, 0x00,
  0x00, 0x08, 0x01, 0x50, 0x06, 0x00, 0x00, 0x61, 0x01, 0x13, 0x7a, 0x01,
  0x00, 0x00, 0x10, 0x01, 0xed, 0x04, 0x00, 0x00, 0x62, 0x01, 0x14, 0xe1,
  0x05, 0x00, 0x00, 0x18, 0x00, 0x03, 0x7a, 0x01, 0x00, 0x00, 0x0e, 0xc0,
  0x05, 0x00, 0x00, 0x58, 0x66, 0x01, 0x82, 0x06, 0x00, 0x00, 0x01, 0xb3,
  0x05, 0x00, 0x00, 0x69, 0x01, 0x09, 0x9c, 0x04, 0x00, 0x00, 0x00, 0x01,
  0x48, 0x05, 0x00, 0x00, 0x6a, 0x01, 0x0e, 0xf2, 0x00, 0x00, 0x00, 0x08,
  0x01, 0x9f, 0x03, 0x00, 0x00, 0x6b, 0x01, 0x0e, 0xf2, 0x00, 0x00, 0x00,
  0x10, 0x01, 0x42, 0x06, 0x00, 0x00, 0x6c, 0x01, 0x0e, 0xf2, 0x00, 0x00,
  0x00, 0x18, 0x01, 0x09, 0x06, 0x00, 0x00, 0x6d, 0x01, 0x08, 0x82, 0x06,
  0x00, 0x00, 0x20, 0x01, 0xed, 0x05, 0x00, 0x00, 0x6e, 0x01, 0x07, 0x41,
  0x00, 0x00, 0x00, 0x28, 0x01, 0x0f, 0x04, 0x00, 0x00, 0x6f, 0x01, 0x0e,
  0xf2, 0x00, 0x00, 0x00, 0x2c, 0x01, 0x90, 0x03, 0x00, 0x00, 0x70, 0x01,
  0x0e, 0xf2, 0x00, 0x00, 0x00, 0x34, 0x01, 0xfe, 0x03, 0x00, 0x00, 0x71,
  0x01, 0x0e, 0xf2, 0x00, 0x00, 0x00, 0x3c, 0x01, 0x5c, 0x03, 0x00, 0x00,
  0x72, 0x01, 0x0e, 0xf2, 0x00, 0x00, 0x00, 0x44, 0x01, 0x6b, 0x03, 0x00,
  0x00, 0x73, 0x01, 0x0e, 0xf2, 0x00, 0x00, 0x00, 0x4c, 0x00, 0x0a, 0xa1,
  0x04, 0x00, 0x00, 0x92, 0x06, 0x00, 0x00, 0x0b, 0x3a, 0x00, 0x00, 0x00,
  0x07, 0x00, 0x1e, 0x85, 0x03, 0x00, 0x00, 0x03, 0x92, 0x06, 0x00, 0x00,
  0x03, 0xa0, 0x05, 0x00, 0x00, 0x14, 0xac, 0x06, 0x00, 0x00, 0x04, 0x79,
  0x04, 0x00, 0x00, 0x00, 0x03, 0xa1, 0x06, 0x00, 0x00, 0x03, 0x48, 0x05,
  0x00, 0x00, 0x03, 0x8f, 0x01, 0x00, 0x00, 0x14, 0xc6, 0x06, 0x00, 0x00,
  0x04, 0x41, 0x00, 0x00, 0x00, 0x00, 0x03, 0xcb, 0x06, 0x00, 0x00, 0x03,
  0xbb, 0x06, 0x00, 0x00, 0x03, 0xe6, 0x05, 0x00, 0x00, 0x15, 0x90, 0x05,
  0x00, 0x00, 0x25, 0x03, 0x17, 0x79, 0x04, 0x00, 0x00, 0x15, 0x1d, 0x04,
  0x00, 0x00, 0x2b, 0x03, 0x16, 0x74, 0x03, 0x00, 0x00, 0x1f, 0x54, 0x03,
  0x00, 0x00, 0x01, 0x07, 0x0d, 0xff, 0x06, 0x00, 0x00, 0x04, 0x79, 0x04,
  0x00, 0x00, 0x00, 0x20, 0xcc, 0x05, 0x00, 0x00, 0x01, 0x17, 0x06, 0x10,
  0x03, 0x00, 0x00, 0x80, 0x00, 0x00, 0x00, 0xd8, 0x00, 0x00, 0x00, 0x00,
  0x00, 0x00, 0x00, 0x01, 0x9c, 0x68, 0x09, 0x00, 0x00, 0x21, 0x67, 0x00,
  0x00, 0x00, 0x6f, 0x07, 0x00, 0x00, 0x08, 0x73, 0x00, 0x21, 0x15, 0xd0,
  0x04, 0x00, 0x00, 0x0a, 0x03, 0x00, 0x20, 0x00, 0x00, 0x80, 0x00, 0x00,
  0x00, 0x9f, 0x08, 0x72, 0x61, 0x78, 0x00, 0x22, 0x17, 0x33, 0x00, 0x00,
  0x00, 0x01, 0x50, 0x08, 0x72, 0x64, 0x69, 0x00, 0x23, 0x17, 0x33, 0x00,
  0x00, 0x00, 0x01, 0x55, 0x08, 0x72, 0x73, 0x69, 0x00, 0x24, 0x1e, 0xd0,
  0x04, 0x00, 0x00, 0x01, 0x54, 0x08, 0x72, 0x64, 0x78, 0x00, 0x25, 0x17,
  0x33, 0x00, 0x00, 0x00, 0x01, 0x51, 0x00, 0x22, 0x7f, 0x03, 0x00, 0x00,
  0x80, 0x00, 0x00, 0x00, 0x29, 0x00, 0x00, 0x00, 0x00, 0x00, 0x00, 0x00,
  0xf2, 0x07, 0x00, 0x00, 0x23, 0xdb, 0x04, 0x00, 0x00, 0x01, 0x3f, 0x0e,
  0x68, 0x09, 0x00, 0x00, 0x02, 0x91, 0x60, 0x08, 0x6d, 0x73, 0x67, 0x00,
  0x40, 0x15, 0xd0, 0x04, 0x00, 0x00, 0x06, 0xa0, 0x25, 0x17, 0x00, 0x00,
  0x00, 0x08, 0x72, 0x61, 0x78, 0x00, 0x44, 0x17, 0x33, 0x00, 0x00, 0x00,
  0x01, 0x50, 0x08, 0x72, 0x64, 0x69, 0x00, 0x45, 0x17, 0x33, 0x00, 0x00,
  0x00, 0x01, 0x55, 0x08, 0x72, 0x73, 0x69, 0x00, 0x46, 0x1e, 0xd0, 0x04,
  0x00, 0x00, 0x01, 0x54, 0x08, 0x72, 0x64, 0x78, 0x00, 0x47, 0x17, 0x33,
  0x00, 0x00, 0x00, 0x01, 0x51, 0x24, 0x71, 0x00, 0x00, 0x00, 0x25, 0x69,
  0x00, 0x01, 0x41, 0x12, 0x41, 0x00, 0x00, 0x00, 0xc9, 0x02, 0x00, 0x00,
  0xc7, 0x02, 0x00, 0x00, 0x00, 0x00, 0x10, 0x78, 0x09, 0x00, 0x00, 0x47,
  0x03, 0x00, 0x00, 0x80, 0x00, 0x00, 0x00, 0x01, 0x47, 0x03, 0x00, 0x00,
  0x80, 0x00, 0x00, 0x00, 0x16, 0x00, 0x00, 0x00, 0x00, 0x00, 0x00, 0x00,
  0x35, 0x4c, 0x08, 0x00, 0x00, 0x09, 0x85, 0x09, 0x00, 0x00, 0xd2, 0x02,
  0x00, 0x00, 0xd0, 0x02, 0x00, 0x00, 0x09, 0x8d, 0x09, 0x00, 0x00, 0xe3,
  0x02, 0x00, 0x00, 0xe1, 0x02, 0x00, 0x00, 0x05, 0x97, 0x09, 0x00, 0x00,
  0x01, 0x50, 0x05, 0xa2, 0x09, 0x00, 0x00, 0x01, 0x55, 0x05, 0xad, 0x09,
  0x00, 0x00, 0x01, 0x54, 0x05, 0xb8, 0x09, 0x00, 0x00, 0x01, 0x51, 0x00,
  0x10, 0x78, 0x09, 0x00, 0x00, 0x5d, 0x03, 0x00, 0x00, 0x80, 0x00, 0x00,
  0x00, 0x02, 0x5d, 0x03, 0x00, 0x00, 0x80, 0x00, 0x00, 0x00, 0x11, 0x00,
  0x00, 0x00, 0x00, 0x00, 0x00, 0x00, 0x36, 0xa6, 0x08, 0x00, 0x00, 0x09,
  0x85, 0x09, 0x00, 0x00, 0xec, 0x02, 0x00, 0x00, 0xea, 0x02, 0x00, 0x00,
  0x09, 0x8d, 0x09, 0x00, 0x00, 0xfd, 0x02, 0x00, 0x00, 0xfb, 0x02, 0x00,
  0x00, 0x05, 0x97, 0x09, 0x00, 0x00, 0x01, 0x50, 0x05, 0xa2, 0x09, 0x00,
  0x00, 0x01, 0x55, 0x05, 0xad, 0x09, 0x00, 0x00, 0x01, 0x54, 0x05, 0xb8,
  0x09, 0x00, 0x00, 0x01, 0x51, 0x00, 0x10, 0x78, 0x09, 0x00, 0x00, 0x6e,
  0x03, 0x00, 0x00, 0x80, 0x00, 0x00, 0x00, 0x02, 0x6e, 0x03, 0x00, 0x00,
  0x80, 0x00, 0x00, 0x00, 0x11, 0x00, 0x00, 0x00, 0x00, 0x00, 0x00, 0x00,
  0x37, 0x00, 0x09, 0x00, 0x00, 0x09, 0x85, 0x09, 0x00, 0x00, 0x06, 0x03,
  0x00, 0x00, 0x04, 0x03, 0x00, 0x00, 0x09, 0x8d, 0x09, 0x00, 0x00, 0x17,
  0x03, 0x00, 0x00, 0x15, 0x03, 0x00, 0x00, 0x05, 0x97, 0x09, 0x00, 0x00,
  0x01, 0x50, 0x05, 0xa2, 0x09, 0x00, 0x00, 0x01, 0x55, 0x05, 0xad, 0x09,
  0x00, 0x00, 0x01, 0x54, 0x05, 0xb8, 0x09, 0x00, 0x00, 0x01, 0x51, 0x00,
  0x10, 0x78, 0x09, 0x00, 0x00, 0xa8, 0x03, 0x00, 0x00, 0x80, 0x00, 0x00,
  0x00, 0x01, 0xa8, 0x03, 0x00, 0x00, 0x80, 0x00, 0x00, 0x00, 0x16, 0x00,
  0x00, 0x00, 0x00, 0x00, 0x00, 0x00, 0x51, 0x5a, 0x09, 0x00, 0x00, 0x09,
  0x85, 0x09, 0x00, 0x00, 0x20, 0x03, 0x00, 0x00, 0x1e, 0x03, 0x00, 0x00,
  0x09, 0x8d, 0x09, 0x00, 0x00, 0x33, 0x03, 0x00, 0x00, 0x31, 0x03, 0x00,
  0x00, 0x05, 0x97, 0x09, 0x00, 0x00, 0x01, 0x50, 0x05, 0xa2, 0x09, 0x00,
  0x00, 0x01, 0x55, 0x05, 0xad, 0x09, 0x00, 0x00, 0x01, 0x54, 0x05, 0xb8,
  0x09, 0x00, 0x00, 0x01, 0x51, 0x00, 0x26, 0xe8, 0x03, 0x00, 0x00, 0x80,
  0x00, 0x00, 0x00, 0xed, 0x06, 0x00, 0x00, 0x00, 0x0a, 0xa1, 0x04, 0x00,
  0x00, 0x78, 0x09, 0x00, 0x00, 0x0b, 0x3a, 0x00, 0x00, 0x00, 0x0f, 0x00,
  0x27, 0x62, 0x04, 0x00, 0x00, 0x01, 0x0a, 0x0d, 0x01, 0xc4, 0x09, 0x00,
  0x00, 0x16, 0x73, 0x00, 0x24, 0xd0, 0x04, 0x00, 0x00, 0x16, 0x6c, 0x65,
  0x6e, 0x00, 0x35, 0x3a, 0x00, 0x00, 0x00, 0x11, 0x72, 0x61, 0x78, 0x00,
  0x0b, 0x13, 0x33, 0x00, 0x00, 0x00, 0x11, 0x72, 0x64, 0x69, 0x00, 0x0c,
  0x13, 0x33, 0x00, 0x00, 0x00, 0x11, 0x72, 0x73, 0x69, 0x00, 0x0d, 0x1a,
  0xd0, 0x04, 0x00, 0x00, 0x11, 0x72, 0x64, 0x78, 0x00, 0x0e, 0x1c, 0x3a,
  0x00, 0x00, 0x00, 0x00, 0x28, 0x0f, 0x9e, 0x0d, 0x53, 0x54, 0x41, 0x43,
  0x4b, 0x42, 0x55, 0x46, 0x5f, 0x4f, 0x4b, 0x0a, 0x00, 0x00, 0x2c, 0x0a,
  0x00, 0x00, 0x05, 0x00, 0x01, 0x08, 0x3e, 0x05, 0x00, 0x00, 0x1b, 0xb8,
  0x01, 0x00, 0x00, 0x1d, 0x03, 0x47, 0x16, 0x03, 0x00, 0x0c, 0x01, 0x00,
  0x00, 0x00, 0x00, 0x00, 0x00, 0x9e, 0x00, 0x00, 0x00, 0x00, 0x00, 0x00,
  0x00, 0x00, 0x00, 0x00, 0x00, 0x56, 0x05, 0x00, 0x00, 0x05, 0x01, 0x06,
  0x48, 0x01, 0x00, 0x00, 0x05, 0x01, 0x08, 0x46, 0x01, 0x00, 0x00, 0x05,
  0x02, 0x05, 0xfc, 0x00, 0x00, 0x00, 0x05, 0x02, 0x07, 0x9e, 0x01, 0x00,
  0x00, 0x1c, 0x04, 0x05, 0x69, 0x6e, 0x74, 0x00, 0x05, 0x04, 0x07, 0x77,
  0x01, 0x00, 0x00, 0x05, 0x08, 0x05, 0x96, 0x00, 0x00, 0x00, 0x05, 0x08,
  0x07, 0x72, 0x01, 0x00, 0x00, 0x0a, 0x8f, 0x01, 0x00, 0x00, 0x02, 0xe5,
  0x17, 0x60, 0x00, 0x00, 0x00, 0x05, 0x08, 0x05, 0x91, 0x00, 0x00, 0x00,
  0x05, 0x10, 0x04, 0x54, 0x01, 0x00, 0x00, 0x1d, 0x08, 0x14, 0xb6, 0x04,
  0x00, 0x00, 0x02, 0x76, 0x01, 0x17, 0x52, 0x00, 0x00, 0x00, 0x0a, 0xce,
  0x02, 0x00, 0x00, 0x03, 0x2e, 0x0e, 0x59, 0x00, 0x00, 0x00, 0x0a, 0x9c,
  0x05, 0x00, 0x00, 0x03, 0x74, 0x0e, 0x59, 0x00, 0x00, 0x00, 0x1e, 0x04,
  0x03, 0xa5, 0x03, 0xc8, 0x00, 0x00, 0x00, 0x15, 0xb0, 0x04, 0x00, 0x00,
  0xa7, 0x0c, 0x83, 0x00, 0x00, 0x00, 0x15, 0x72, 0x04, 0x00, 0x00, 0xa8,
  0x13, 0xc8, 0x00, 0x00, 0x00, 0x00, 0x08, 0x36, 0x00, 0x00, 0x00, 0xd8,
  0x00, 0x00, 0x00, 0x09, 0x60, 0x00, 0x00, 0x00, 0x03, 0x00, 0x1f, 0x08,
  0x03, 0xa2, 0x09, 0xfc, 0x00, 0x00, 0x00, 0x02, 0x7a, 0x05, 0x00, 0x00,
  0x03, 0xa4, 0x07, 0x4b, 0x00, 0x00, 0x00, 0x00, 0x02, 0x82, 0x05, 0x00,
  0x00, 0x03, 0xa9, 0x05, 0xa8, 0x00, 0x00, 0x00, 0x04, 0x00, 0x0a, 0x21,
  0x05, 0x00, 0x00, 0x03, 0xaa, 0x03, 0xd8, 0x00, 0x00, 0x00, 0x0a, 0xe5,
  0x05, 0x00, 0x00, 0x04, 0x1a, 0x19, 0x52, 0x00, 0x00, 0x00, 0x0a, 0xf7,
  0x04, 0x00, 0x00, 0x05, 0x0c, 0x0d, 0x4b, 0x00, 0x00, 0x00, 0x0a, 0x30,
  0x04, 0x00, 0x00, 0x04, 0x24, 0x1b, 0x14, 0x01, 0x00, 0x00, 0x0d, 0x41,
  0x04, 0x00, 0x00, 0x20, 0x35, 0x82, 0x01, 0x00, 0x00, 0x02, 0x42, 0x05,
  0x00, 0x00, 0x04, 0x37, 0x13, 0x82, 0x01, 0x00, 0x00, 0x00, 0x06, 0x5f,
  0x6b, 0x00, 0x38, 0x07, 0x4b, 0x00, 0x00, 0x00, 0x08, 0x02, 0x6c, 0x05,
  0x00, 0x00, 0x04, 0x38, 0x0b, 0x4b, 0x00, 0x00, 0x00, 0x0c, 0x02, 0x2a,
  0x04, 0x00, 0x00, 0x04, 0x38, 0x14, 0x4b, 0x00, 0x00, 0x00, 0x10, 0x02,
  0xfa, 0x05, 0x00, 0x00, 0x04, 0x38, 0x1b, 0x4b, 0x00, 0x00, 0x00, 0x14,
  0x06, 0x5f, 0x78, 0x00, 0x39, 0x0b, 0x87, 0x01, 0x00, 0x00, 0x18, 0x00,
  0x03, 0x2c, 0x01, 0x00, 0x00, 0x08, 0x08, 0x01, 0x00, 0x00, 0x97, 0x01,
  0x00, 0x00, 0x09, 0x60, 0x00, 0x00, 0x00, 0x00, 0x00, 0x0d, 0x6d, 0x04,
  0x00, 0x00, 0x24, 0x3d, 0x18, 0x02, 0x00, 0x00, 0x02, 0xad, 0x03, 0x00,
  0x00, 0x04, 0x3f, 0x09, 0x4b, 0x00, 0x00, 0x00, 0x00, 0x02, 0xa4, 0x05,
  0x00, 0x00, 0x04, 0x40, 0x09, 0x4b, 0x00, 0x00, 0x00, 0x04, 0x02, 0xc2,
  0x03, 0x00, 0x00, 0x04, 0x41, 0x09, 0x4b, 0x00, 0x00, 0x00, 0x08, 0x02,
  0x55, 0x06, 0x00, 0x00, 0x04, 0x42, 0x09, 0x4b, 0x00, 0x00, 0x00, 0x0c,
  0x02, 0xe4, 0x04, 0x00, 0x00, 0x04, 0x43, 0x09, 0x4b, 0x00, 0x00, 0x00,
  0x10, 0x02, 0xcb, 0x04, 0x00, 0x00, 0x04, 0x44, 0x09, 0x4b, 0x00, 0x00,
  0x00, 0x14, 0x02, 0xff, 0x05, 0x00, 0x00, 0x04, 0x45, 0x09, 0x4b, 0x00,
  0x00, 0x00, 0x18, 0x02, 0x09, 0x05, 0x00, 0x00, 0x04, 0x46, 0x09, 0x4b,
  0x00, 0x00, 0x00, 0x1c, 0x02, 0x23, 0x06, 0x00, 0x00, 0x04, 0x47, 0x09,
  0x4b, 0x00, 0x00, 0x00, 0x20, 0x00, 0x0d, 0x13, 0x05, 0x00, 0x00, 0x10,
  0x74, 0x3e, 0x02, 0x00, 0x00, 0x02, 0xbc, 0x03, 0x00, 0x00, 0x04, 0x75,
  0x11, 0x3e, 0x02, 0x00, 0x00, 0x00, 0x02, 0xae, 0x02, 0x00, 0x00, 0x04,
  0x76, 0x06, 0x4b, 0x00, 0x00, 0x00, 0x08, 0x00, 0x03, 0x36, 0x00, 0x00,
  0x00, 0x0d, 0x2c, 0x05, 0x00, 0x00, 0xb0, 0x99, 0x7c, 0x03, 0x00, 0x00,
  0x06, 0x5f, 0x70, 0x00, 0x9a, 0x12, 0x3e, 0x02, 0x00, 0x00, 0x00, 0x06,
  0x5f, 0x72, 0x00, 0x9b, 0x07, 0x4b, 0x00, 0x00, 0x00, 0x08, 0x06, 0x5f,
  0x77, 0x00, 0x9c, 0x07, 0x4b, 0x00, 0x00, 0x00, 0x0c, 0x02, 0xe0, 0x03,
  0x00, 0x00, 0x04, 0x9d, 0x09, 0x3d, 0x00, 0x00, 0x00, 0x10, 0x02, 0x89,
  0x04, 0x00, 0x00, 0x04, 0x9e, 0x09, 0x3d, 0x00, 0x00, 0x00, 0x12, 0x06,
  0x5f, 0x62, 0x66, 0x00, 0x9f, 0x11, 0x18, 0x02, 0x00, 0x00, 0x18, 0x02,
  0x7c, 0x03, 0x00, 0x00, 0x04, 0xa0, 0x07, 0x4b, 0x00, 0x00, 0x00, 0x28,
  0x02, 0x24, 0x04, 0x00, 0x00, 0x04, 0xa3, 0x12, 0x81, 0x04, 0x00, 0x00,
  0x30, 0x02, 0xd1, 0x03, 0x00, 0x00, 0x04, 0xa7, 0x0a, 0x81, 0x00, 0x00,
  0x00, 0x38, 0x02, 0x67, 0x01, 0x00, 0x00, 0x04, 0xa9, 0x1d, 0xb5, 0x04,
  0x00, 0x00, 0x40, 0x02, 0x66, 0x04, 0x00, 0x00, 0x04, 0xab, 0x1d, 0xdd,
  0x04, 0x00, 0x00, 0x48, 0x02, 0x8a, 0x05, 0x00, 0x00, 0x04, 0xae, 0x0d,
  0x00, 0x05, 0x00, 0x00, 0x50, 0x02, 0x6b, 0x02, 0x00, 0x00, 0x04, 0xaf,
  0x09, 0x19, 0x05, 0x00, 0x00, 0x58, 0x06, 0x5f, 0x75, 0x62, 0x00, 0xb2,
  0x11, 0x18, 0x02, 0x00, 0x00, 0x60, 0x06, 0x5f, 0x75, 0x70, 0x00, 0xb3,
  0x12, 0x3e, 0x02, 0x00, 0x00, 0x70, 0x06, 0x5f, 0x75, 0x72, 0x00, 0xb4,
  0x07, 0x4b, 0x00, 0x00, 0x00, 0x78, 0x02, 0xb6, 0x03, 0x00, 0x00, 0x04,
  0xb7, 0x11, 0x1e, 0x05, 0x00, 0x00, 0x7c, 0x02, 0x1d, 0x06, 0x00, 0x00,
  0x04, 0xb8, 0x11, 0x2e, 0x05, 0x00, 0x00, 0x7f, 0x06, 0x5f, 0x6c, 0x62,
  0x00, 0xbb, 0x11, 0x18, 0x02, 0x00, 0x00, 0x80, 0x02, 0x11, 0x01, 0x00,
  0x00, 0x04, 0xbe, 0x07, 0x4b, 0x00, 0x00, 0x00, 0x90, 0x02, 0xf6, 0x03,
  0x00, 0x00, 0x04, 0xbf, 0x0a, 0x90, 0x00, 0x00, 0x00, 0x98, 0x02, 0xbd,
  0x04, 0x00, 0x00, 0x04, 0xc6, 0x0c, 0x20, 0x01, 0x00, 0x00, 0xa0, 0x02,
  0x34, 0x05, 0x00, 0x00, 0x04, 0xc8, 0x0e, 0xfc, 0x00, 0x00, 0x00, 0xa4,
  0x02, 0xc3, 0x04, 0x00, 0x00, 0x04, 0xc9, 0x09, 0x4b, 0x00, 0x00, 0x00,
  0xac, 0x00, 0x0e, 0xc5, 0x05, 0x00, 0x00, 0x90, 0x7b, 0x01, 0x81, 0x04,
  0x00, 0x00, 0x01, 0x29, 0x03, 0x00, 0x00, 0x7f, 0x01, 0x07, 0x4b, 0x00,
  0x00, 0x00, 0x00, 0x01, 0xe7, 0x03, 0x00, 0x00, 0x84, 0x01, 0x0b, 0x67,
  0x05, 0x00, 0x00, 0x08, 0x01, 0x79, 0x04, 0x00, 0x00, 0x84, 0x01, 0x14,
  0x67, 0x05, 0x00, 0x00, 0x10, 0x01, 0x39, 0x04, 0x00, 0x00, 0x84, 0x01,
  0x1e, 0x67, 0x05, 0x00, 0x00, 0x18, 0x01, 0x55, 0x05, 0x00, 0x00, 0x86,
  0x01, 0x08, 0x4b, 0x00, 0x00, 0x00, 0x20, 0x01, 0x49, 0x03, 0x00, 0x00,
  0x88, 0x01, 0x09, 0xa4, 0x04, 0x00, 0x00, 0x28, 0x01, 0x5a, 0x05, 0x00,
  0x00, 0x8e, 0x01, 0x16, 0xbb, 0x06, 0x00, 0x00, 0x30, 0x20, 0x5f, 0x6d,
  0x70, 0x00, 0x04, 0x90, 0x01, 0x12, 0xc0, 0x06, 0x00, 0x00, 0x38, 0x01,
  0x62, 0x05, 0x00, 0x00, 0x92, 0x01, 0x0a, 0xd0, 0x06, 0x00, 0x00, 0x40,
  0x01, 0x49, 0x04, 0x00, 0x00, 0x94, 0x01, 0x07, 0x4b, 0x00, 0x00, 0x00,
  0x48, 0x01, 0x81, 0x04, 0x00, 0x00, 0x97, 0x01, 0x07, 0x4b, 0x00, 0x00,
  0x00, 0x4c, 0x01, 0xee, 0x03, 0x00, 0x00, 0x98, 0x01, 0x09, 0xa4, 0x04,
  0x00, 0x00, 0x50, 0x01, 0x3d, 0x06, 0x00, 0x00, 0x9a, 0x01, 0x13, 0xd5,
  0x06, 0x00, 0x00, 0x58, 0x01, 0x2e, 0x06, 0x00, 0x00, 0x9b, 0x01, 0x10,
  0xda, 0x06, 0x00, 0x00, 0x60, 0x01, 0x9b, 0x04, 0x00, 0x00, 0x9c, 0x01,
  0x09, 0xa4, 0x04, 0x00, 0x00, 0x68, 0x01, 0x13, 0x06, 0x00, 0x00, 0x9f,
  0x01, 0x0c, 0xea, 0x06, 0x00, 0x00, 0x70, 0x01, 0xcc, 0x03, 0x00, 0x00,
  0xa7, 0x01, 0x0b, 0x67, 0x05, 0x00, 0x00, 0x78, 0x01, 0xd5, 0x04, 0x00,
  0x00, 0xa8, 0x01, 0x17, 0xf4, 0x06, 0x00, 0x00, 0x80, 0x01, 0x8f, 0x04,
  0x00, 0x00, 0xa9, 0x01, 0x09, 0xa4, 0x04, 0x00, 0x00, 0x88, 0x00, 0x03,
  0x7c, 0x03, 0x00, 0x00, 0x0f, 0x4b, 0x00, 0x00, 0x00, 0xa4, 0x04, 0x00,
  0x00, 0x04, 0x81, 0x04, 0x00, 0x00, 0x04, 0x81, 0x00, 0x00, 0x00, 0x04,
  0xa4, 0x04, 0x00, 0x00, 0x04, 0x4b, 0x00, 0x00, 0x00, 0x00, 0x03, 0xa9,
  0x04, 0x00, 0x00, 0x05, 0x01, 0x06, 0x4f, 0x01, 0x00, 0x00, 0x16, 0xa9,
  0x04, 0x00, 0x00, 0x03, 0x86, 0x04, 0x00, 0x00, 0x0f, 0x4b, 0x00, 0x00,
  0x00, 0xd8, 0x04, 0x00, 0x00, 0x04, 0x81, 0x04, 0x00, 0x00, 0x04, 0x81,
  0x00, 0x00, 0x00, 0x04, 0xd8, 0x04, 0x00, 0x00, 0x04, 0x4b, 0x00, 0x00,
  0x00, 0x00, 0x03, 0xb0, 0x04, 0x00, 0x00, 0x03, 0xba, 0x04, 0x00, 0x00,
  0x0f, 0x9c, 0x00, 0x00, 0x00, 0x00, 0x05, 0x00, 0x00, 0x04, 0x81, 0x04,
  0x00, 0x00, 0x04, 0x81, 0x00, 0x00, 0x00, 0x04, 0x9c, 0x00, 0x00, 0x00,
  0x04, 0x4b, 0x00, 0x00, 0x00, 0x00, 0x03, 0xe2, 0x04, 0x00, 0x00, 0x0f,
  0x4b, 0x00, 0x00, 0x00, 0x19, 0x05, 0x00, 0x00, 0x04, 0x81, 0x04, 0x00,
  0x00, 0x04, 0x81, 0x00, 0x00, 0x00, 0x00, 0x03, 0x05, 0x05, 0x00, 0x00,
  0x08, 0x36, 0x00, 0x00, 0x00, 0x2e, 0x05, 0x00, 0x00, 0x09, 0x60, 0x00,
  0x00, 0x00, 0x02, 0x00, 0x08, 0x36, 0x00, 0x00, 0x00, 0x3e, 0x05, 0x00,
  0x00, 0x09, 0x60, 0x00, 0x00, 0x00, 0x00, 0x00, 0x14, 0x1a, 0x05, 0x00,
  0x00, 0x04, 0x0e, 0x01, 0x1a, 0x43, 0x02, 0x00, 0x00, 0x08, 0x3e, 0x05,
  0x00, 0x00, 0x5b, 0x05, 0x00, 0x00, 0x09, 0x60, 0x00, 0x00, 0x00, 0x02,
  0x00, 0x10, 0xcc, 0x03, 0x00, 0x00, 0x12, 0x01, 0x0f, 0x4b, 0x05, 0x00,
  0x00, 0x03, 0x3e, 0x05, 0x00, 0x00, 0x0e, 0x41, 0x03, 0x00, 0x00, 0x18,
  0x32, 0x01, 0xad, 0x05, 0x00, 0x00, 0x01, 0x74, 0x05, 0x00, 0x00, 0x33,
  0x01, 0x12, 0xad, 0x05, 0x00, 0x00, 0x00, 0x01, 0xad, 0x05, 0x00, 0x00,
  0x34, 0x01, 0x12, 0xad, 0x05, 0x00, 0x00, 0x06, 0x01, 0xe0, 0x05, 0x00,
  0x00, 0x35, 0x01, 0x12, 0x44, 0x00, 0x00, 0x00, 0x0c, 0x01, 0x3d, 0x05,
  0x00, 0x00, 0x38, 0x01, 0x24, 0xbd, 0x05, 0x00, 0x00, 0x10, 0x00, 0x08,
  0x44, 0x00, 0x00, 0x00, 0xbd, 0x05, 0x00, 0x00, 0x09, 0x60, 0x00, 0x00,
  0x00, 0x02, 0x00, 0x05, 0x08, 0x07, 0x6d, 0x01, 0x00, 0x00, 0x0e, 0xd9,
  0x03, 0x00, 0x00, 0x20, 0x5c, 0x01, 0x05, 0x06, 0x00, 0x00, 0x01, 0xa8,
  0x04, 0x00, 0x00, 0x5f, 0x01, 0x13, 0x82, 0x01, 0x00, 0x00, 0x00, 0x01,
  0x58, 0x04, 0x00, 0x00, 0x60, 0x01, 0x07, 0x4b, 0x00, 0x00, 0x00, 0x08,
  0x01, 0x50, 0x06, 0x00, 0x00, 0x61, 0x01, 0x13, 0x82, 0x01, 0x00, 0x00,
  0x10, 0x01, 0xed, 0x04, 0x00, 0x00, 0x62, 0x01, 0x14, 0x05, 0x06, 0x00,
  0x00, 0x18, 0x00, 0x03, 0x82, 0x01, 0x00, 0x00, 0x0e, 0xc0, 0x05, 0x00,
  0x00, 0x58, 0x66, 0x01, 0xa6, 0x06, 0x00, 0x00, 0x01, 0xb3, 0x05, 0x00,
  0x00, 0x69, 0x01, 0x09, 0xa4, 0x04, 0x00, 0x00, 0x00, 0x01, 0x48, 0x05,
  0x00, 0x00, 0x6a, 0x01, 0x0e, 0xfc, 0x00, 0x00, 0x00, 0x08, 0x01, 0x9f,
  0x03, 0x00, 0x00, 0x6b, 0x01, 0x0e, 0xfc, 0x00, 0x00, 0x00, 0x10, 0x01,
  0x42, 0x06, 0x00, 0x00, 0x6c, 0x01, 0x0e, 0xfc, 0x00, 0x00, 0x00, 0x18,
  0x01, 0x09, 0x06, 0x00, 0x00, 0x6d, 0x01, 0x08, 0xa6, 0x06, 0x00, 0x00,
  0x20, 0x01, 0xed, 0x05, 0x00, 0x00, 0x6e, 0x01, 0x07, 0x4b, 0x00, 0x00,
  0x00, 0x28, 0x01, 0x0f, 0x04, 0x00, 0x00, 0x6f, 0x01, 0x0e, 0xfc, 0x00,
  0x00, 0x00, 0x2c, 0x01, 0x90, 0x03, 0x00, 0x00, 0x70, 0x01, 0x0e, 0xfc,
  0x00, 0x00, 0x00, 0x34, 0x01, 0xfe, 0x03, 0x00, 0x00, 0x71, 0x01, 0x0e,
  0xfc, 0x00, 0x00, 0x00, 0x3c, 0x01, 0x5c, 0x03, 0x00, 0x00, 0x72, 0x01,
  0x0e, 0xfc, 0x00, 0x00, 0x00, 0x44, 0x01, 0x6b, 0x03, 0x00, 0x00, 0x73,
  0x01, 0x0e, 0xfc, 0x00, 0x00, 0x00, 0x4c, 0x00, 0x08, 0xa9, 0x04, 0x00,
  0x00, 0xb6, 0x06, 0x00, 0x00, 0x09, 0x60, 0x00, 0x00, 0x00, 0x07, 0x00,
  0x21, 0x85, 0x03, 0x00, 0x00, 0x03, 0xb6, 0x06, 0x00, 0x00, 0x03, 0xc4,
  0x05, 0x00, 0x00, 0x17, 0xd0, 0x06, 0x00, 0x00, 0x04, 0x81, 0x04, 0x00,
  0x00, 0x00, 0x03, 0xc5, 0x06, 0x00, 0x00, 0x03, 0x6c, 0x05, 0x00, 0x00,
  0x03, 0x97, 0x01, 0x00, 0x00, 0x17, 0xea, 0x06, 0x00, 0x00, 0x04, 0x4b,
  0x00, 0x00, 0x00, 0x00, 0x03, 0xef, 0x06, 0x00, 0x00, 0x03, 0xdf, 0x06,
  0x00, 0x00, 0x03, 0x0a, 0x06, 0x00, 0x00, 0x10, 0x90, 0x05, 0x00, 0x00,
  0x25, 0x03, 0x17, 0x81, 0x04, 0x00, 0x00, 0x10, 0x1d, 0x04, 0x00, 0x00,
  0x2b, 0x03, 0x16, 0x7c, 0x03, 0x00, 0x00, 0x03, 0xa4, 0x04, 0x00, 0x00,
  0x22, 0xaa, 0x06, 0x00, 0x00, 0x01, 0x2e, 0x05, 0x4b, 0x00, 0x00, 0x00,
  0x30, 0x05, 0x00, 0x00, 0x80, 0x00, 0x00, 0x00, 0xb1, 0x00, 0x00, 0x00,
  0x00, 0x00, 0x00, 0x00, 0x01, 0x9c, 0x69, 0x08, 0x00, 0x00, 0x11, 0xa5,
  0x06, 0x00, 0x00, 0x2e, 0x0e, 0x4b, 0x00, 0x00, 0x00, 0x4c, 0x03, 0x00,
  0x00, 0x48, 0x03, 0x00, 0x00, 0x11, 0xa0, 0x06, 0x00, 0x00, 0x2e, 0x1b,
  0x11, 0x07, 0x00, 0x00, 0x68, 0x03, 0x00, 0x00, 0x64, 0x03, 0x00, 0x00,
  0x18, 0x90, 0x05, 0x00, 0x00, 0x32, 0x1b, 0x81, 0x04, 0x00, 0x00, 0x18,
  0x1d, 0x04, 0x00, 0x00, 0x33, 0x1a, 0x7c, 0x03, 0x00, 0x00, 0x0b, 0x57,
  0x05, 0x00, 0x00, 0x80, 0x00, 0x00, 0x00, 0x3f, 0x09, 0x00, 0x00, 0x93,
  0x07, 0x00, 0x00, 0x07, 0x01, 0x55, 0x09, 0x03, 0x34, 0x20, 0x00, 0x00,
  0x80, 0x00, 0x00, 0x00, 0x00, 0x0b, 0x63, 0x05, 0x00, 0x00, 0x80, 0x00,
  0x00, 0x00, 0x3f, 0x09, 0x00, 0x00, 0xb2, 0x07, 0x00, 0x00, 0x07, 0x01,
  0x55, 0x09, 0x03, 0x38, 0x20, 0x00, 0x00, 0x80, 0x00, 0x00, 0x00, 0x00,
  0x0b, 0x6f, 0x05, 0x00, 0x00, 0x80, 0x00, 0x00, 0x00, 0x3f, 0x09, 0x00,
  0x00, 0xd1, 0x07, 0x00, 0x00, 0x07, 0x01, 0x55, 0x09, 0x03, 0x3c, 0x20,
  0x00, 0x00, 0x80, 0x00, 0x00, 0x00, 0x00, 0x0b, 0x89, 0x05, 0x00, 0x00,
  0x80, 0x00, 0x00, 0x00, 0x69, 0x08, 0x00, 0x00, 0xf0, 0x07, 0x00, 0x00,
  0x07, 0x01, 0x55, 0x09, 0x03, 0x40, 0x20, 0x00, 0x00, 0x80, 0x00, 0x00,
  0x00, 0x00, 0x0b, 0xa0, 0x05, 0x00, 0x00, 0x80, 0x00, 0x00, 0x00, 0x69,
  0x08, 0x00, 0x00, 0x0f, 0x08, 0x00, 0x00, 0x07, 0x01, 0x55, 0x09, 0x03,
  0x48, 0x20, 0x00, 0x00, 0x80, 0x00, 0x00, 0x00, 0x00, 0x0b, 0xb7, 0x05,
  0x00, 0x00, 0x80, 0x00, 0x00, 0x00, 0x69, 0x08, 0x00, 0x00, 0x2e, 0x08,
  0x00, 0x00, 0x07, 0x01, 0x55, 0x09, 0x03, 0x51, 0x20, 0x00, 0x00, 0x80,
  0x00, 0x00, 0x00, 0x00, 0x0b, 0xce, 0x05, 0x00, 0x00, 0x80, 0x00, 0x00,
  0x00, 0x69, 0x08, 0x00, 0x00, 0x4d, 0x08, 0x00, 0x00, 0x07, 0x01, 0x55,
  0x09, 0x03, 0x55, 0x20, 0x00, 0x00, 0x80, 0x00, 0x00, 0x00, 0x00, 0x12,
  0xda, 0x05, 0x00, 0x00, 0x80, 0x00, 0x00, 0x00, 0x3f, 0x09, 0x00, 0x00,
  0x07, 0x01, 0x55, 0x09, 0x03, 0x59, 0x20, 0x00, 0x00, 0x80, 0x00, 0x00,
  0x00, 0x00, 0x00, 0x19, 0x84, 0x06, 0x00, 0x00, 0x1e, 0x40, 0x04, 0x00,
  0x00, 0x80, 0x00, 0x00, 0x00, 0xec, 0x00, 0x00, 0x00, 0x00, 0x00, 0x00,
  0x00, 0x01, 0x9c, 0x1a, 0x09, 0x00, 0x00, 0x11, 0x8e, 0x06, 0x00, 0x00,
  0x1e, 0x29, 0xd8, 0x04, 0x00, 0x00, 0x88, 0x03, 0x00, 0x00, 0x80, 0x03,
  0x00, 0x00, 0x1a, 0x76, 0x61, 0x6c, 0x00, 0x1e, 0x3e, 0x60, 0x00, 0x00,
  0x00, 0xba, 0x03, 0x00, 0x00, 0xac, 0x03, 0x00, 0x00, 0x0c, 0x62, 0x75,
  0x66, 0x00, 0x1f, 0x0a, 0x1a, 0x09, 0x00, 0x00, 0x02, 0x91, 0x48, 0x0c,
  0x68, 0x78, 0x00, 0x20, 0x17, 0x3a, 0x09, 0x00, 0x00, 0x09, 0x03, 0x70,
  0x20, 0x00, 0x00, 0x80, 0x00, 0x00, 0x00, 0x13, 0x69, 0x00, 0x21, 0x09,
  0x4b, 0x00, 0x00, 0x00, 0x11, 0x04, 0x00, 0x00, 0xf5, 0x03, 0x00, 0x00,
  0x23, 0xd1, 0x04, 0x00, 0x00, 0x80, 0x00, 0x00, 0x00, 0x2c, 0x00, 0x00,
  0x00, 0x00, 0x00, 0x00, 0x00, 0x05, 0x09, 0x00, 0x00, 0x13, 0x6b, 0x00,
  0x26, 0x0e, 0x4b, 0x00, 0x00, 0x00, 0x95, 0x04, 0x00, 0x00, 0x93, 0x04,
  0x00, 0x00, 0x00, 0x12, 0x1b, 0x05, 0x00, 0x00, 0x80, 0x00, 0x00, 0x00,
  0x3f, 0x09, 0x00, 0x00, 0x07, 0x01, 0x55, 0x02, 0x91, 0x48, 0x00, 0x00,
  0x08, 0xa9, 0x04, 0x00, 0x00, 0x2a, 0x09, 0x00, 0x00, 0x09, 0x60, 0x00,
  0x00, 0x00, 0x27, 0x00, 0x08, 0xb0, 0x04, 0x00, 0x00, 0x3a, 0x09, 0x00,
  0x00, 0x09, 0x60, 0x00, 0x00, 0x00, 0x10, 0x00, 0x16, 0x2a, 0x09, 0x00,
  0x00, 0x19, 0x5f, 0x06, 0x00, 0x00, 0x0c, 0x00, 0x04, 0x00, 0x00, 0x80,
  0x00, 0x00, 0x00, 0x3c, 0x00, 0x00, 0x00, 0x00, 0x00, 0x00, 0x00, 0x01,
  0x9c, 0xfa, 0x09, 0x00, 0x00, 0x1a, 0x73, 0x74, 0x72, 0x00, 0x0c, 0x2d,
  0xd8, 0x04, 0x00, 0x00, 0xab, 0x04, 0x00, 0x00, 0xa3, 0x04, 0x00, 0x00,
  0x13, 0x6c, 0x65, 0x6e, 0x00, 0x0d, 0x0c, 0x67, 0x00, 0x00, 0x00, 0xcb,
  0x04, 0x00, 0x00, 0xc9, 0x04, 0x00, 0x00, 0x0c, 0x72, 0x61, 0x78, 0x00,
  0x10, 0x13, 0x59, 0x00, 0x00, 0x00, 0x01, 0x50, 0x0c, 0x72, 0x64, 0x69,
  0x00, 0x11, 0x13, 0x59, 0x00, 0x00, 0x00, 0x01, 0x55, 0x0c, 0x72, 0x73,
  0x69, 0x00, 0x12, 0x1a, 0xd8, 0x04, 0x00, 0x00, 0x01, 0x54, 0x0c, 0x72,
  0x64, 0x78, 0x00, 0x13, 0x15, 0x67, 0x00, 0x00, 0x00, 0x01, 0x51, 0x24,
  0xfa, 0x09, 0x00, 0x00, 0x00, 0x04, 0x00, 0x00, 0x80, 0x00, 0x00, 0x00,
  0x02, 0x88, 0x00, 0x00, 0x00, 0x01, 0x0d, 0x12, 0x25, 0x0b, 0x0a, 0x00,
  0x00, 0xde, 0x04, 0x00, 0x00, 0xd8, 0x04, 0x00, 0x00, 0x26, 0x17, 0x0a,
  0x00, 0x00, 0xfb, 0x04, 0x00, 0x00, 0xf7, 0x04, 0x00, 0x00, 0x12, 0x21,
  0x04, 0x00, 0x00, 0x80, 0x00, 0x00, 0x00, 0x24, 0x0a, 0x00, 0x00, 0x07,
  0x01, 0x55, 0x02, 0x73, 0x01, 0x00, 0x00, 0x00, 0x27, 0x94, 0x06, 0x00,
  0x00, 0x01, 0x05, 0x16, 0x67, 0x00, 0x00, 0x00, 0x03, 0x24, 0x0a, 0x00,
  0x00, 0x28, 0x73, 0x74, 0x72, 0x00, 0x01, 0x05, 0x2e, 0xd8, 0x04, 0x00,
  0x00, 0x29, 0x6c, 0x65, 0x6e, 0x00, 0x01, 0x06, 0x0c, 0x67, 0x00, 0x00,
  0x00, 0x00, 0x2a, 0x7d, 0x06, 0x00, 0x00, 0x73, 0x06, 0x00, 0x00, 0x06,
  0x00, 0x00, 0x01, 0x11, 0x00, 0x10, 0x17, 0x11, 0x01, 0x12, 0x0f, 0x03,
  0x0e, 0x1b, 0x0e, 0x25, 0x0e, 0x13, 0x05, 0x00, 0x00, 0x00, 0x01, 0x05,
  0x00, 0x31, 0x13, 0x02, 0x17, 0xb7, 0x42, 0x17, 0x00, 0x00, 0x02, 0x16,
  0x00, 0x03, 0x0e, 0x3a, 0x0b, 0x3b, 0x0b, 0x39, 0x0b, 0x49, 0x13, 0x00,
  0x00, 0x03, 0x05, 0x00, 0x03, 0x08, 0x3a, 0x21, 0x01, 0x3b, 0x0b, 0x39,
  0x0b, 0x49, 0x13, 0x00, 0x00, 0x04, 0x05, 0x00, 0x31, 0x13, 0x02, 0x18,
  0x00, 0x00, 0x05, 0x0d, 0x00, 0x03, 0x0e, 0x3a, 0x0b, 0x3b, 0x0b, 0x39,
  0x0b, 0x49, 0x13, 0x38, 0x0b, 0x00, 0x00, 0x06, 0x05, 0x00, 0x03, 0x0e,
  0x3a, 0x21, 0x01, 0x3b, 0x0b, 0x39, 0x0b, 0x49, 0x13, 0x00, 0x00, 0x07,
  0x24, 0x00, 0x0b, 0x0b, 0x3e, 0x0b, 0x03, 0x0e, 0x00, 0x00, 0x08, 0x2e,
  0x01, 0x31, 0x13, 0x11, 0x01, 0x12, 0x07, 0x40, 0x18, 0x7a, 0x19, 0x01,
  0x13, 0x00, 0x00, 0x09, 0x2e, 0x01, 0x3f, 0x19, 0x03, 0x0e, 0x3a, 0x21,
  0x01, 0x3b, 0x0b, 0x39, 0x0b, 0x27, 0x19, 0x49, 0x13, 0x20, 0x21, 0x01,
  0x01, 0x13, 0x00, 0x00, 0x0a, 0x34, 0x00, 0x31, 0x13, 0x00, 0x00, 0x0b,
  0x2e, 0x01, 0x3f, 0x19, 0x03, 0x0e, 0x3a, 0x21, 0x01, 0x3b, 0x0b, 0x39,
  0x0b, 0x27, 0x19, 0x49, 0x13, 0x01, 0x13, 0x00, 0x00, 0x0c, 0x1d, 0x01,
  0x31, 0x13, 0x52, 0x01, 0xb8, 0x42, 0x0b, 0x11, 0x01, 0x12, 0x07, 0x58,
  0x21, 0x01, 0x59, 0x0b, 0x57, 0x0b, 0x00, 0x00, 0x0d, 0x34, 0x00, 0x31,
  0x13, 0x02, 0x17, 0xb7, 0x42, 0x17, 0x00, 0x00, 0x0e, 0x1d, 0x01, 0x31,
  0x13, 0x52, 0x01, 0xb8, 0x42, 0x0b, 0x55, 0x17, 0x58, 0x21, 0x01, 0x59,
  0x0b, 0x57, 0x0b, 0x00, 0x00, 0x0f, 0x0f, 0x00, 0x0b, 0x21, 0x08, 0x49,
  0x13, 0x00, 0x00, 0x10, 0x2e, 0x01, 0x3f, 0x19, 0x03, 0x0e, 0x3a, 0x21,
  0x01, 0x3b, 0x0b, 0x39, 0x0b, 0x27, 0x19, 0x49, 0x13, 0x11, 0x01, 0x12,
  0x07, 0x40, 0x18, 0x7a, 0x19, 0x01, 0x13, 0x00, 0x00, 0x11, 0x34, 0x00,
  0x03, 0x0e, 0x3a, 0x21, 0x01, 0x3b, 0x0b, 0x39, 0x0b, 0x49, 0x13, 0x00,
  0x00, 0x12, 0x13, 0x01, 0x03, 0x0e, 0x0b, 0x0b, 0x3a, 0x0b, 0x3b, 0x0b,
  0x39, 0x21, 0x08, 0x01, 0x13, 0x00, 0x00, 0x13, 0x05, 0x00, 0x03, 0x08,
  0x3a, 0x21, 0x01, 0x3b, 0x0b, 0x39, 0x0b, 0x49, 0x13, 0x02, 0x17, 0xb7,
  0x42, 0x17, 0x00, 0x00, 0x14, 0x0b, 0x01, 0x31, 0x13, 0x55, 0x17, 0x01,
  0x13, 0x00, 0x00, 0x15, 0x1d, 0x01, 0x31, 0x13, 0x52, 0x01, 0xb8, 0x42,
  0x0b, 0x11, 0x01, 0x12, 0x07, 0x58, 0x21, 0x01, 0x59, 0x21, 0x3c, 0x57,
  0x21, 0x1e, 0x01, 0x13, 0x00, 0x00, 0x16, 0x48, 0x00, 0x7d, 0x01, 0x7f,
  0x13, 0x00, 0x00, 0x17, 0x2e, 0x00, 0x31, 0x13, 0x11, 0x01, 0x12, 0x07,
  0x40, 0x18, 0x7a, 0x19, 0x00, 0x00, 0x18, 0x11, 0x01, 0x25, 0x0e, 0x13,
  0x0b, 0x90, 0x01, 0x0b, 0x91, 0x01, 0x06, 0x03, 0x1f, 0x1b, 0x1f, 0x11,
  0x01, 0x12, 0x07, 0x10, 0x17, 0x00, 0x00, 0x19, 0x24, 0x00, 0x0b, 0x0b,
  0x3e, 0x0b, 0x03, 0x08, 0x00, 0x00, 0x1a, 0x0f, 0x00, 0x0b, 0x0b, 0x00,
  0x00, 0x1b, 0x26, 0x00, 0x49, 0x13, 0x00, 0x00, 0x1c, 0x01, 0x01, 0x49,
  0x13, 0x01, 0x13, 0x00, 0x00, 0x1d, 0x21, 0x00, 0x49, 0x13, 0x2f, 0x0b,
  0x00, 0x00, 0x1e, 0x2e, 0x00, 0x3f, 0x19, 0x03, 0x0e, 0x3a, 0x0b, 0x3b,
  0x0b, 0x39, 0x0b, 0x27, 0x19, 0x49, 0x13, 0x3c, 0x19, 0x00, 0x00, 0x1f,
  0x2e, 0x00, 0x3f, 0x19, 0x03, 0x0e, 0x3a, 0x0b, 0x3b, 0x0b, 0x39, 0x0b,
  0x27, 0x19, 0x49, 0x13, 0x00, 0x00, 0x20, 0x05, 0x00, 0x03, 0x08, 0x3a,
  0x0b, 0x3b, 0x0b, 0x39, 0x0b, 0x49, 0x13, 0x02, 0x18, 0x00, 0x00, 0x21,
  0x2e, 0x00, 0x3f, 0x19, 0x03, 0x0e, 0x3a, 0x0b, 0x3b, 0x0b, 0x39, 0x0b,
  0x27, 0x19, 0x49, 0x13, 0x20, 0x0b, 0x00, 0x00, 0x22, 0x2e, 0x01, 0x3f,
  0x19, 0x03, 0x0e, 0x3a, 0x0b, 0x3b, 0x0b, 0x39, 0x0b, 0x27, 0x19, 0x11,
  0x01, 0x12, 0x07, 0x40, 0x18, 0x7a, 0x19, 0x01, 0x13, 0x00, 0x00, 0x23,
  0x05, 0x00, 0x03, 0x0e, 0x3a, 0x0b, 0x3b, 0x0b, 0x39, 0x0b, 0x49, 0x13,
  0x02, 0x17, 0xb7, 0x42, 0x17, 0x00, 0x00, 0x24, 0x2e, 0x01, 0x3f, 0x19,
  0x03, 0x0e, 0x3a, 0x0b, 0x3b, 0x0b, 0x39, 0x0b, 0x27, 0x19, 0x87, 0x01,
  0x19, 0x11, 0x01, 0x12, 0x07, 0x40, 0x18, 0x7a, 0x19, 0x01, 0x13, 0x00,
  0x00, 0x25, 0x05, 0x00, 0x03, 0x0e, 0x3a, 0x0b, 0x3b, 0x0b, 0x39, 0x0b,
  0x49, 0x13, 0x02, 0x18, 0x00, 0x00, 0x26, 0x26, 0x00, 0x00, 0x00, 0x27,
  0x34, 0x00, 0x03, 0x0e, 0x3a, 0x0b, 0x3b, 0x0b, 0x39, 0x0b, 0x49, 0x13,
  0x02, 0x18, 0x00, 0x00, 0x28, 0x0b, 0x01, 0x00, 0x00, 0x29, 0x2e, 0x01,
  0x3f, 0x19, 0x03, 0x0e, 0x3a, 0x0b, 0x3b, 0x0b, 0x39, 0x0b, 0x27, 0x19,
  0x87, 0x01, 0x19, 0x20, 0x0b, 0x01, 0x13, 0x00, 0x00, 0x2a, 0x2e, 0x00,
  0x3f, 0x19, 0x03, 0x0e, 0x3a, 0x0b, 0x3b, 0x0b, 0x39, 0x0b, 0x27, 0x19,
  0x00, 0x00, 0x2b, 0x2e, 0x00, 0x3f, 0x19, 0x03, 0x0e, 0x3a, 0x0b, 0x3b,
  0x0b, 0x39, 0x0b, 0x27, 0x19, 0x20, 0x0b, 0x00, 0x00, 0x2c, 0x2e, 0x01,
  0x03, 0x0e, 0x3a, 0x0b, 0x3b, 0x0b, 0x39, 0x0b, 0x27, 0x19, 0x49, 0x13,
  0x20, 0x0b, 0x01, 0x13, 0x00, 0x00, 0x2d, 0x34, 0x00, 0x03, 0x08, 0x3a,
  0x0b, 0x3b, 0x0b, 0x39, 0x0b, 0x49, 0x13, 0x00, 0x00, 0x00, 0x01, 0x0d,
  0x00, 0x03, 0x0e, 0x3a, 0x21, 0x04, 0x3b, 0x05, 0x39, 0x0b, 0x49, 0x13,
  0x38, 0x0b, 0x00, 0x00, 0x02, 0x0d, 0x00, 0x03, 0x0e, 0x3a, 0x0b, 0x3b,
  0x0b, 0x39, 0x0b, 0x49, 0x13, 0x38, 0x0b, 0x00, 0x00, 0x03, 0x0f, 0x00,
  0x0b, 0x21, 0x08, 0x49, 0x13, 0x00, 0x00, 0x04, 0x05, 0x00, 0x49, 0x13,
  0x00, 0x00, 0x05, 0x34, 0x00, 0x31, 0x13, 0x02, 0x18, 0x00, 0x00, 0x06,
  0x24, 0x00, 0x0b, 0x0b, 0x3e, 0x0b, 0x03, 0x0e, 0x00, 0x00, 0x07, 0x0d,
  0x00, 0x03, 0x08, 0x3a, 0x21, 0x04, 0x3b, 0x0b, 0x39, 0x0b, 0x49, 0x13,
  0x38, 0x0b, 0x00, 0x00, 0x08, 0x34, 0x00, 0x03, 0x08, 0x3a, 0x21, 0x01,
  0x3b, 0x0b, 0x39, 0x0b, 0x49, 0x13, 0x02, 0x18, 0x00, 0x00, 0x09, 0x05,
  0x00, 0x31, 0x13, 0x02, 0x17, 0xb7, 0x42, 0x17, 0x00, 0x00, 0x0a, 0x01,
  0x01, 0x49, 0x13, 0x01, 0x13, 0x00, 0x00, 0x0b, 0x21, 0x00, 0x49, 0x13,
  0x2f, 0x0b, 0x00, 0x00, 0x0c, 0x16, 0x00, 0x03, 0x0e, 0x3a, 0x0b, 0x3b,
  0x0b, 0x39, 0x0b, 0x49, 0x13, 0x00, 0x00, 0x0d, 0x13, 0x01, 0x03, 0x0e,
  0x0b, 0x0b, 0x3a, 0x21, 0x04, 0x3b, 0x0b, 0x39, 0x21, 0x08, 0x01, 0x13,
  0x00, 0x00, 0x0e, 0x13, 0x01, 0x03, 0x0e, 0x0b, 0x0b, 0x3a, 0x21, 0x04,
  0x3b, 0x05, 0x39, 0x21, 0x08, 0x01, 0x13, 0x00, 0x00, 0x0f, 0x15, 0x01,
  0x27, 0x19, 0x49, 0x13, 0x01, 0x13, 0x00, 0x00, 0x10, 0x1d, 0x01, 0x31,
  0x13, 0x52, 0x01, 0xb8, 0x42, 0x0b, 0x11, 0x01, 0x12, 0x07, 0x58, 0x21,
  0x01, 0x59, 0x0b, 0x57, 0x21, 0x05, 0x01, 0x13, 0x00, 0x00, 0x11, 0x34,
  0x00, 0x03, 0x08, 0x3a, 0x21, 0x01, 0x3b, 0x0b, 0x39, 0x0b, 0x49, 0x13,
  0x00, 0x00, 0x12, 0x16, 0x00, 0x03, 0x0e, 0x3a, 0x0b, 0x3b, 0x05, 0x39,
  0x0b, 0x49, 0x13, 0x00, 0x00, 0x13, 0x0d, 0x00, 0x03, 0x0e, 0x3a, 0x21,
  0x03, 0x3b, 0x0b, 0x39, 0x0b, 0x49, 0x13, 0x00, 0x00, 0x14, 0x15, 0x01,
  0x27, 0x19, 0x01, 0x13, 0x00, 0x00, 0x15, 0x34, 0x00, 0x03, 0x0e, 0x3a,
  0x21, 0x04, 0x3b, 0x05, 0x39, 0x0b, 0x49, 0x13, 0x3f, 0x19, 0x3c, 0x19,
  0x00, 0x00, 0x16, 0x05, 0x00, 0x03, 0x08, 0x3a, 0x21, 0x01, 0x3b, 0x21,
  0x0a, 0x39, 0x0b, 0x49, 0x13, 0x00, 0x00, 0x17, 0x11, 0x01, 0x25, 0x0e,
  0x13, 0x0b, 0x90, 0x01, 0x0b, 0x91, 0x01, 0x06, 0x03, 0x1f, 0x1b, 0x1f,
  0x11, 0x01, 0x12, 0x07, 0x10, 0x17, 0x00, 0x00, 0x18, 0x24, 0x00, 0x0b,
  0x0b, 0x3e, 0x0b, 0x03, 0x08, 0x00, 0x00, 0x19, 0x17, 0x01, 0x0b, 0x0b,
  0x3a, 0x0b, 0x3b, 0x0b, 0x39, 0x0b, 0x01, 0x13, 0x00, 0x00, 0x1a, 0x13,
  0x01, 0x0b, 0x0b, 0x3a, 0x0b, 0x3b, 0x0b, 0x39, 0x0b, 0x01, 0x13, 0x00,
  0x00, 0x1b, 0x0f, 0x00, 0x0b, 0x0b, 0x00, 0x00, 0x1c, 0x0d, 0x00, 0x03,
  0x08, 0x3a, 0x0b, 0x3b, 0x05, 0x39, 0x0b, 0x49, 0x13, 0x38, 0x0b, 0x00,
  0x00, 0x1d, 0x26, 0x00, 0x49, 0x13, 0x00, 0x00, 0x1e, 0x13, 0x00, 0x03,
  0x0e, 0x3c, 0x19, 0x00, 0x00, 0x1f, 0x2e, 0x01, 0x3f, 0x19, 0x03, 0x0e,
  0x3a, 0x0b, 0x3b, 0x0b, 0x39, 0x0b, 0x27, 0x19, 0x3c, 0x19, 0x01, 0x13,
  0x00, 0x00, 0x20, 0x2e, 0x01, 0x3f, 0x19, 0x03, 0x0e, 0x3a, 0x0b, 0x3b,
  0x0b, 0x39, 0x0b, 0x27, 0x19, 0x11, 0x01, 0x12, 0x07, 0x40, 0x18, 0x7a,
  0x19, 0x01, 0x13, 0x00, 0x00, 0x21, 0x0b, 0x01, 0x55, 0x17, 0x01, 0x13,
  0x00, 0x00, 0x22, 0x0b, 0x01, 0x11, 0x01, 0x12, 0x07, 0x01, 0x13, 0x00,
  0x00, 0x23, 0x34, 0x00, 0x03, 0x0e, 0x3a, 0x0b, 0x3b, 0x0b, 0x39, 0x0b,
  0x49, 0x13, 0x02, 0x18, 0x00, 0x00, 0x24, 0x0b, 0x01, 0x55, 0x17, 0x00,
  0x00, 0x25, 0x34, 0x00, 0x03, 0x08, 0x3a, 0x0b, 0x3b, 0x0b, 0x39, 0x0b,
  0x49, 0x13, 0x02, 0x17, 0xb7, 0x42, 0x17, 0x00, 0x00, 0x26, 0x48, 0x00,
  0x7d, 0x01, 0x82, 0x01, 0x19, 0x7f, 0x13, 0x00, 0x00, 0x27, 0x2e, 0x01,
  0x03, 0x0e, 0x3a, 0x0b, 0x3b, 0x0b, 0x39, 0x0b, 0x27, 0x19, 0x20, 0x0b,
  0x01, 0x13, 0x00, 0x00, 0x28, 0x36, 0x00, 0x02, 0x18, 0x00, 0x00, 0x00,
  0x01, 0x0d, 0x00, 0x03, 0x0e, 0x3a, 0x21, 0x04, 0x3b, 0x05, 0x39, 0x0b,
  0x49, 0x13, 0x38, 0x0b, 0x00, 0x00, 0x02, 0x0d, 0x00, 0x03, 0x0e, 0x3a,
  0x0b, 0x3b, 0x0b, 0x39, 0x0b, 0x49, 0x13, 0x38, 0x0b, 0x00, 0x00, 0x03,
  0x0f, 0x00, 0x0b, 0x21, 0x08, 0x49, 0x13, 0x00, 0x00, 0x04, 0x05, 0x00,
  0x49, 0x13, 0x00, 0x00, 0x05, 0x24, 0x00, 0x0b, 0x0b, 0x3e, 0x0b, 0x03,
  0x0e, 0x00, 0x00, 0x06, 0x0d, 0x00, 0x03, 0x08, 0x3a, 0x21, 0x04, 0x3b,
  0x0b, 0x39, 0x0b, 0x49, 0x13, 0x38, 0x0b, 0x00, 0x00, 0x07, 0x49, 0x00,
  0x02, 0x18, 0x7e, 0x18, 0x00, 0x00, 0x08, 0x01, 0x01, 0x49, 0x13, 0x01,
  0x13, 0x00, 0x00, 0x09, 0x21, 0x00, 0x49, 0x13, 0x2f, 0x0b, 0x00, 0x00,
  0x0a, 0x16, 0x00, 0x03, 0x0e, 0x3a, 0x0b, 0x3b, 0x0b, 0x39, 0x0b, 0x49,
  0x13, 0x00, 0x00, 0x0b, 0x48, 0x01, 0x7d, 0x01, 0x7f, 0x13, 0x01, 0x13,
  0x00, 0x00, 0x0c, 0x34, 0x00, 0x03, 0x08, 0x3a, 0x21, 0x01, 0x3b, 0x0b,
  0x39, 0x0b, 0x49, 0x13, 0x02, 0x18, 0x00, 0x00, 0x0d, 0x13, 0x01, 0x03,
  0x0e, 0x0b, 0x0b, 0x3a, 0x21, 0x04, 0x3b, 0x0b, 0x39, 0x21, 0x08, 0x01,
  0x13, 0x00, 0x00, 0x0e, 0x13, 0x01, 0x03, 0x0e, 0x0b, 0x0b, 0x3a, 0x21,
  0x04, 0x3b, 0x05, 0x39, 0x21, 0x08, 0x01, 0x13, 0x00, 0x00, 0x0f, 0x15,
  0x01, 0x27, 0x19, 0x49, 0x13, 0x01, 0x13, 0x00, 0x00, 0x10, 0x34, 0x00,
  0x03, 0x0e, 0x3a, 0x21, 0x04, 0x3b, 0x05, 0x39, 0x0b, 0x49, 0x13, 0x3f,
  0x19, 0x3c, 0x19, 0x00, 0x00, 0x11, 0x05, 0x00, 0x03, 0x0e, 0x3a, 0x21,
  0x01, 0x3b, 0x0b, 0x39, 0x0b, 0x49, 0x13, 0x02, 0x17, 0xb7, 0x42, 0x17,
  0x00, 0x00, 0x12, 0x48, 0x01, 0x7d, 0x01, 0x7f, 0x13, 0x00, 0x00, 0x13,
  0x34, 0x00, 0x03, 0x08, 0x3a, 0x21, 0x01, 0x3b, 0x0b, 0x39, 0x0b, 0x49,
  0x13, 0x02, 0x17, 0xb7, 0x42, 0x17, 0x00, 0x00, 0x14, 0x16, 0x00, 0x03,
  0x0e, 0x3a, 0x0b, 0x3b, 0x05, 0x39, 0x0b, 0x49, 0x13, 0x00, 0x00, 0x15,
  0x0d, 0x00, 0x03, 0x0e, 0x3a, 0x21, 0x03, 0x3b, 0x0b, 0x39, 0x0b, 0x49,
  0x13, 0x00, 0x00, 0x16, 0x26, 0x00, 0x49, 0x13, 0x00, 0x00, 0x17, 0x15,
  0x01, 0x27, 0x19, 0x01, 0x13, 0x00, 0x00, 0x18, 0x34, 0x00, 0x03, 0x0e,
  0x3a, 0x21, 0x01, 0x3b, 0x0b, 0x39, 0x0b, 0x49, 0x13, 0x3f, 0x19, 0x3c,
  0x19, 0x00, 0x00, 0x19, 0x2e, 0x01, 0x03, 0x0e, 0x3a, 0x21, 0x01, 0x3b,
  0x0b, 0x39, 0x21, 0x0d, 0x27, 0x19, 0x11, 0x01, 0x12, 0x07, 0x40, 0x18,
  0x7a, 0x19, 0x01, 0x13, 0x00, 0x00, 0x1a, 0x05, 0x00, 0x03, 0x08, 0x3a,
  0x21, 0x01, 0x3b, 0x0b, 0x39, 0x0b, 0x49, 0x13, 0x02, 0x17, 0xb7, 0x42,
  0x17, 0x00, 0x00, 0x1b, 0x11, 0x01, 0x25, 0x0e, 0x13, 0x0b, 0x90, 0x01,
  0x0b, 0x91, 0x01, 0x06, 0x03, 0x1f, 0x1b, 0x1f, 0x55, 0x17, 0x11, 0x01,
  0x10, 0x17, 0x00, 0x00, 0x1c, 0x24, 0x00, 0x0b, 0x0b, 0x3e, 0x0b, 0x03,
  0x08, 0x00, 0x00, 0x1d, 0x0f, 0x00, 0x0b, 0x0b, 0x00, 0x00, 0x1e, 0x17,
  0x01, 0x0b, 0x0b, 0x3a, 0x0b, 0x3b, 0x0b, 0x39, 0x0b, 0x01, 0x13, 0x00,
  0x00, 0x1f, 0x13, 0x01, 0x0b, 0x0b, 0x3a, 0x0b, 0x3b, 0x0b, 0x39, 0x0b,
  0x01, 0x13, 0x00, 0x00, 0x20, 0x0d, 0x00, 0x03, 0x08, 0x3a, 0x0b, 0x3b,
  0x05, 0x39, 0x0b, 0x49, 0x13, 0x38, 0x0b, 0x00, 0x00, 0x21, 0x13, 0x00,
  0x03, 0x0e, 0x3c, 0x19, 0x00, 0x00, 0x22, 0x2e, 0x01, 0x3f, 0x19, 0x03,
  0x0e, 0x3a, 0x0b, 0x3b, 0x0b, 0x39, 0x0b, 0x27, 0x19, 0x49, 0x13, 0x11,
  0x01, 0x12, 0x07, 0x40, 0x18, 0x7a, 0x19, 0x01, 0x13, 0x00, 0x00, 0x23,
  0x0b, 0x01, 0x11, 0x01, 0x12, 0x07, 0x01, 0x13, 0x00, 0x00, 0x24, 0x1d,
  0x01, 0x31, 0x13, 0x52, 0x01, 0xb8, 0x42, 0x0b, 0x55, 0x17, 0x58, 0x0b,
  0x59, 0x0b, 0x57, 0x0b, 0x00, 0x00, 0x25, 0x05, 0x00, 0x31, 0x13, 0x02,
  0x17, 0xb7, 0x42, 0x17, 0x00, 0x00, 0x26, 0x34, 0x00, 0x31, 0x13, 0x02,
  0x17, 0xb7, 0x42, 0x17, 0x00, 0x00, 0x27, 0x2e, 0x01, 0x03, 0x0e, 0x3a,
  0x0b, 0x3b, 0x0b, 0x39, 0x0b, 0x27, 0x19, 0x49, 0x13, 0x20, 0x0b, 0x01,
  0x13, 0x00, 0x00, 0x28, 0x05, 0x00, 0x03, 0x08, 0x3a, 0x0b, 0x3b, 0x0b,
  0x39, 0x0b, 0x49, 0x13, 0x00, 0x00, 0x29, 0x34, 0x00, 0x03, 0x08, 0x3a,
  0x0b, 0x3b, 0x0b, 0x39, 0x0b, 0x49, 0x13, 0x00, 0x00, 0x2a, 0x2e, 0x00,
  0x3f, 0x19, 0x3c, 0x19, 0x6e, 0x0e, 0x03, 0x0e, 0x3a, 0x0b, 0x3b, 0x0b,
  0x00, 0x00, 0x00, 0x00, 0x00, 0x00, 0x00, 0x00, 0x00, 0x00, 0x00, 0x00,
  0x2c, 0x00, 0x00, 0x00, 0x02, 0x00, 0x00, 0x00, 0x00, 0x00, 0x08, 0x00,
  0x00, 0x00, 0x00, 0x00, 0x00, 0x00, 0x00, 0x00, 0x80, 0x00, 0x00, 0x00,
  0x5d, 0x00, 0x00, 0x00, 0x00, 0x00, 0x00, 0x00, 0x00, 0x00, 0x00, 0x00,
  0x00, 0x00, 0x00, 0x00, 0x00, 0x00, 0x00, 0x00, 0x00, 0x00, 0x00, 0x00,
  0x2c, 0x00, 0x00, 0x00, 0x02, 0x00, 0x28, 0x00, 0x00, 0x00, 0x08, 0x00,
  0x00, 0x00, 0x00, 0x00, 0x60, 0x00, 0x00, 0x00, 0x80, 0x00, 0x00, 0x00,
  0xa6, 0x02, 0x00, 0x00, 0x00, 0x00, 0x00, 0x00, 0x00, 0x00, 0x00, 0x00,
  0x00, 0x00, 0x00, 0x00, 0x00, 0x00, 0x00, 0x00, 0x00, 0x00, 0x00, 0x00,
  0x2c, 0x00, 0x00, 0x00, 0x02, 0x00, 0x61, 0x0d, 0x00, 0x00, 0x08, 0x00,
  0x00, 0x00, 0x00, 0x00, 0x10, 0x03, 0x00, 0x00, 0x80, 0x00, 0x00, 0x00,
  0xd8, 0x00, 0x00, 0x00, 0x00, 0x00, 0x00, 0x00, 0x00, 0x00, 0x00, 0x00,
  0x00, 0x00, 0x00, 0x00, 0x00, 0x00, 0x00, 0x00, 0x00, 0x00, 0x00, 0x00,
  0x3c, 0x00, 0x00, 0x00, 0x02, 0x00, 0x37, 0x17, 0x00, 0x00, 0x08, 0x00,
  0x00, 0x00, 0x00, 0x00, 0x00, 0x04, 0x00, 0x00, 0x80, 0x00, 0x00, 0x00,
  0x2c, 0x01, 0x00, 0x00, 0x00, 0x00, 0x00, 0x00, 0x30, 0x05, 0x00, 0x00,
  0x80, 0x00, 0x00, 0x00, 0xb1, 0x00, 0x00, 0x00, 0x00, 0x00, 0x00, 0x00,
  0x00, 0x00, 0x00, 0x00, 0x00, 0x00, 0x00, 0x00, 0x00, 0x00, 0x00, 0x00,
  0x00, 0x00, 0x00, 0x00, 0x61, 0x72, 0x63, 0x32, 0x2f, 0x63, 0x72, 0x74,
  0x30, 0x2e, 0x53, 0x00, 0x2f, 0x68, 0x6f, 0x6d, 0x65, 0x2f, 0x6e, 0x6f,
  0x6e, 0x65, 0x79, 0x61, 0x2f, 0x63, 0x6f, 0x64, 0x65, 0x2f, 0x64, 0x6f,
  0x6e, 0x73, 0x2d, 0x6f, 0x73, 0x2d, 0x78, 0x38, 0x36, 0x5f, 0x36, 0x34,
  0x2f, 0x30, 0x34, 0x5f, 0x6b, 0x65, 0x72, 0x6e, 0x65, 0x6c, 0x5f, 0x36,
  0x34, 0x62, 0x69, 0x74, 0x2f, 0x75, 0x73, 0x65, 0x72, 0x6c, 0x61, 0x6e,
  0x64, 0x2f, 0x6e, 0x65, 0x77, 0x6c, 0x69, 0x62, 0x00, 0x47, 0x4e, 0x55,
  0x20, 0x41, 0x53, 0x20, 0x32, 0x2e, 0x34, 0x32, 0x00, 0x74, 0x76, 0x5f,
  0x6e, 0x73, 0x65, 0x63, 0x00, 0x69, 0x6e, 0x63, 0x72, 0x00, 0x5f, 0x6c,
  0x73, 0x65, 0x65, 0x6b, 0x00, 0x63, 0x75, 0x72, 0x72, 0x65, 0x6e, 0x74,
  0x5f, 0x62, 0x72, 0x65, 0x61, 0x6b, 0x00, 0x74, 0x76, 0x5f, 0x73, 0x65,
  0x63, 0x00, 0x5f, 0x5f, 0x6d, 0x6f, 0x64, 0x65, 0x5f, 0x74, 0x00, 0x5f,
  0x65, 0x78, 0x69, 0x74, 0x00, 0x6c, 0x6f, 0x6e, 0x67, 0x20, 0x6c, 0x6f,
  0x6e, 0x67, 0x20, 0x69, 0x6e, 0x74, 0x00, 0x73, 0x74, 0x5f, 0x64, 0x65,
  0x76, 0x00, 0x5f, 0x66, 0x73, 0x74, 0x61, 0x74, 0x00, 0x73, 0x74, 0x5f,
  0x6e, 0x6c, 0x69, 0x6e, 0x6b, 0x00, 0x73, 0x74, 0x5f, 0x72, 0x64, 0x65,
  0x76, 0x00, 0x5f, 0x6b, 0x69, 0x6c, 0x6c, 0x00, 0x73, 0x79, 0x73, 0x5f,
  0x72, 0x65, 0x62, 0x6f, 0x6f, 0x74, 0x00, 0x74, 0x69, 0x6d, 0x65, 0x5f,
  0x74, 0x00, 0x65, 0x78, 0x74, 0x65, 0x6e, 0x64, 0x65, 0x64, 0x5f, 0x62,
  0x72, 0x65, 0x61, 0x6b, 0x00, 0x70, 0x72, 0x65, 0x76, 0x69, 0x6f, 0x75,
  0x73, 0x5f, 0x68, 0x65, 0x61, 0x70, 0x5f, 0x62, 0x6f, 0x75, 0x6e, 0x64,
  0x61, 0x72, 0x79, 0x00, 0x73, 0x68, 0x6f, 0x72, 0x74, 0x20, 0x69, 0x6e,
  0x74, 0x00, 0x73, 0x79, 0x73, 0x63, 0x61, 0x6c, 0x6c, 0x33, 0x00, 0x73,
  0x74, 0x5f, 0x62, 0x6c, 0x6b, 0x73, 0x69, 0x7a, 0x65, 0x00, 0x73, 0x74,
  0x5f, 0x67, 0x69, 0x64, 0x00, 0x5f, 0x5f, 0x62, 0x6c, 0x6b, 0x63, 0x6e,
  0x74, 0x5f, 0x74, 0x00, 0x5f, 0x5f, 0x69, 0x6e, 0x74, 0x36, 0x34, 0x5f,
  0x74, 0x00, 0x5f, 0x5f, 0x6e, 0x6c, 0x69, 0x6e, 0x6b, 0x5f, 0x74, 0x00,
  0x5f, 0x66, 0x69, 0x6e, 0x69, 0x00, 0x75, 0x6e, 0x73, 0x69, 0x67, 0x6e,
  0x65, 0x64, 0x20, 0x63, 0x68, 0x61, 0x72, 0x00, 0x6c, 0x6f, 0x6e, 0x67,
  0x20, 0x64, 0x6f, 0x75, 0x62, 0x6c, 0x65, 0x00, 0x73, 0x74, 0x5f, 0x69,
  0x6e, 0x6f, 0x00, 0x5f, 0x72, 0x65, 0x61, 0x64, 0x00, 0x6c, 0x6f, 0x6e,
  0x67, 0x20, 0x6c, 0x6f, 0x6e, 0x67, 0x20, 0x75, 0x6e, 0x73, 0x69, 0x67,
  0x6e, 0x65, 0x64, 0x20, 0x69, 0x6e, 0x74, 0x00, 0x5f, 0x6f, 0x70, 0x65,
  0x6e, 0x00, 0x5f, 0x5f, 0x62, 0x6c, 0x6b, 0x73, 0x69, 0x7a, 0x65, 0x5f,
  0x74, 0x00, 0x73, 0x74, 0x5f, 0x61, 0x74, 0x69, 0x6d, 0x00, 0x73, 0x68,
  0x6f, 0x72, 0x74, 0x20, 0x75, 0x6e, 0x73, 0x69, 0x67, 0x6e, 0x65, 0x64,
  0x20, 0x69, 0x6e, 0x74, 0x00, 0x73, 0x74, 0x61, 0x74, 0x75, 0x73, 0x00,
  0x47, 0x4e, 0x55, 0x20, 0x43, 0x32, 0x33, 0x20, 0x31, 0x35, 0x2e, 0x32,
  0x2e, 0x30, 0x20, 0x2d, 0x6d, 0x6e, 0x6f, 0x2d, 0x72, 0x65, 0x64, 0x2d,
  0x7a, 0x6f, 0x6e, 0x65, 0x20, 0x2d, 0x6d, 0x6e, 0x6f, 0x2d, 0x73, 0x73,
  0x65, 0x20, 0x2d, 0x6d, 0x6e, 0x6f, 0x2d, 0x73, 0x73, 0x65, 0x32, 0x20,
  0x2d, 0x6d, 0x6e, 0x6f, 0x2d, 0x61, 0x76, 0x78, 0x20, 0x2d, 0x6d, 0x6e,
  0x6f, 0x2d, 0x6d, 0x6d, 0x78, 0x20, 0x2d, 0x6d, 0x63, 0x6d, 0x6f, 0x64,
  0x65, 0x6c, 0x3d, 0x6c, 0x61, 0x72, 0x67, 0x65, 0x20, 0x2d, 0x6d, 0x74,
  0x75, 0x6e, 0x65, 0x3d, 0x67, 0x65, 0x6e, 0x65, 0x72, 0x69, 0x63, 0x20,
  0x2d, 0x6d, 0x61, 0x72, 0x63, 0x68, 0x3d, 0x78, 0x38, 0x36, 0x2d, 0x36,
  0x34, 0x20, 0x2d, 0x67, 0x20, 0x2d, 0x4f, 0x32, 0x20, 0x2d, 0x66, 0x6e,
  0x6f, 0x2d, 0x70, 0x69, 0x63, 0x20, 0x2d, 0x66, 0x6e, 0x6f, 0x2d, 0x63,
  0x6f, 0x6d, 0x6d, 0x6f, 0x6e, 0x20, 0x2d, 0x66, 0x6e, 0x6f, 0x2d, 0x73,
  0x74, 0x61, 0x63, 0x6b, 0x2d, 0x70, 0x72, 0x6f, 0x74, 0x65, 0x63, 0x74,
  0x6f, 0x72, 0x20, 0x2d, 0x66, 0x6e, 0x6f, 0x2d, 0x62, 0x75, 0x69, 0x6c,
  0x74, 0x69, 0x6e, 0x2d, 0x6d, 0x65, 0x6d, 0x73, 0x65, 0x74, 0x00, 0x5f,
  0x63, 0x6c, 0x6f, 0x73, 0x65, 0x00, 0x5f, 0x73, 0x62, 0x72, 0x6b, 0x00,
  0x73, 0x74, 0x5f, 0x62, 0x6c, 0x6f, 0x63, 0x6b, 0x73, 0x00, 0x5f, 0x69,
  0x73, 0x61, 0x74, 0x74, 0x79, 0x00, 0x5f, 0x5f, 0x75, 0x69, 0x6e, 0x74,
  0x36, 0x34, 0x5f, 0x74, 0x00, 0x73, 0x74, 0x5f, 0x6d, 0x74, 0x69, 0x6d,
  0x00, 0x5f, 0x5f, 0x69, 0x6e, 0x6f, 0x5f, 0x74, 0x00, 0x73, 0x74, 0x5f,
  0x75, 0x69, 0x64, 0x00, 0x73, 0x74, 0x5f, 0x73, 0x69, 0x7a, 0x65, 0x00,
  0x77, 0x68, 0x65, 0x6e, 0x63, 0x65, 0x00, 0x73, 0x74, 0x5f, 0x73, 0x70,
  0x61, 0x72, 0x65, 0x34, 0x00, 0x73, 0x74, 0x5f, 0x63, 0x74, 0x69, 0x6d,
  0x00, 0x5f, 0x5f, 0x6f, 0x66, 0x66, 0x5f, 0x74, 0x00, 0x5f, 0x5f, 0x75,
  0x69, 0x6e, 0x74, 0x33, 0x32, 0x5f, 0x74, 0x00, 0x5f, 0x5f, 0x64, 0x65,
  0x76, 0x5f, 0x74, 0x00, 0x70, 0x61, 0x74, 0x68, 0x00, 0x5f, 0x67, 0x65,
  0x74, 0x70, 0x69, 0x64, 0x00, 0x68, 0x65, 0x61, 0x70, 0x5f, 0x65, 0x6e,
  0x64, 0x5f, 0x63, 0x61, 0x63, 0x68, 0x65, 0x64, 0x00, 0x74, 0x69, 0x6d,
  0x65, 0x73, 0x70, 0x65, 0x63, 0x00, 0x5f, 0x5f, 0x75, 0x69, 0x64, 0x5f,
  0x74, 0x00, 0x73, 0x74, 0x5f, 0x6d, 0x6f, 0x64, 0x65, 0x00, 0x70, 0x74,
  0x72, 0x64, 0x69, 0x66, 0x66, 0x5f, 0x74, 0x00, 0x5f, 0x5f, 0x65, 0x72,
  0x72, 0x6e, 0x6f, 0x00, 0x5f, 0x5f, 0x67, 0x69, 0x64, 0x5f, 0x74, 0x00,
  0x5f, 0x73, 0x73, 0x69, 0x7a, 0x65, 0x5f, 0x74, 0x00, 0x5f, 0x72, 0x61,
  0x6e, 0x64, 0x34, 0x38, 0x00, 0x5f, 0x65, 0x6d, 0x65, 0x72, 0x67, 0x65,
  0x6e, 0x63, 0x79, 0x00, 0x5f, 0x5f, 0x73, 0x69, 0x6e, 0x69, 0x74, 0x00,
  0x5f, 0x77, 0x63, 0x72, 0x74, 0x6f, 0x6d, 0x62, 0x5f, 0x73, 0x74, 0x61,
  0x74, 0x65, 0x00, 0x5f, 0x77, 0x63, 0x73, 0x72, 0x74, 0x6f, 0x6d, 0x62,
  0x73, 0x5f, 0x73, 0x74, 0x61, 0x74, 0x65, 0x00, 0x5f, 0x6c, 0x62, 0x66,
  0x73, 0x69, 0x7a, 0x65, 0x00, 0x5f, 0x5f, 0x6c, 0x6f, 0x63, 0x61, 0x6c,
  0x65, 0x5f, 0x74, 0x00, 0x5f, 0x6d, 0x62, 0x72, 0x74, 0x6f, 0x77, 0x63,
  0x5f, 0x73, 0x74, 0x61, 0x74, 0x65, 0x00, 0x5f, 0x77, 0x63, 0x74, 0x6f,
  0x6d, 0x62, 0x5f, 0x73, 0x74, 0x61, 0x74, 0x65, 0x00, 0x5f, 0x5f, 0x74,
  0x6d, 0x5f, 0x73, 0x65, 0x63, 0x00, 0x5f, 0x75, 0x62, 0x75, 0x66, 0x00,
  0x5f, 0x62, 0x61, 0x73, 0x65, 0x00, 0x5f, 0x5f, 0x74, 0x6d, 0x5f, 0x68,
  0x6f, 0x75, 0x72, 0x00, 0x5f, 0x5f, 0x73, 0x66, 0x00, 0x5f, 0x63, 0x6f,
  0x6f, 0x6b, 0x69, 0x65, 0x00, 0x5f, 0x6d, 0x70, 0x72, 0x65, 0x63, 0x00,
  0x5f, 0x66, 0x6c, 0x61, 0x67, 0x73, 0x00, 0x5f, 0x73, 0x74, 0x64, 0x69,
  0x6e, 0x00, 0x5f, 0x63, 0x76, 0x74, 0x62, 0x75, 0x66, 0x00, 0x5f, 0x6f,
  0x66, 0x66, 0x73, 0x65, 0x74, 0x00, 0x5f, 0x6d, 0x62, 0x73, 0x72, 0x74,
  0x6f, 0x77, 0x63, 0x73, 0x5f, 0x73, 0x74, 0x61, 0x74, 0x65, 0x00, 0x5f,
  0x6d, 0x62, 0x72, 0x6c, 0x65, 0x6e, 0x5f, 0x73, 0x74, 0x61, 0x74, 0x65,
  0x00, 0x5f, 0x69, 0x6d, 0x70, 0x75, 0x72, 0x65, 0x5f, 0x64, 0x61, 0x74,
  0x61, 0x00, 0x5f, 0x73, 0x69, 0x67, 0x6e, 0x00, 0x5f, 0x66, 0x6c, 0x6f,
  0x63, 0x6b, 0x5f, 0x74, 0x00, 0x5f, 0x73, 0x74, 0x64, 0x65, 0x72, 0x72,
  0x00, 0x5f, 0x42, 0x69, 0x67, 0x69, 0x6e, 0x74, 0x00, 0x5f, 0x67, 0x61,
  0x6d, 0x6d, 0x61, 0x5f, 0x73, 0x69, 0x67, 0x6e, 0x67, 0x61, 0x6d, 0x00,
  0x5f, 0x72, 0x65, 0x73, 0x75, 0x6c, 0x74, 0x5f, 0x6b, 0x00, 0x64, 0x69,
  0x61, 0x67, 0x5f, 0x77, 0x72, 0x69, 0x74, 0x65, 0x00, 0x5f, 0x5f, 0x74,
  0x6d, 0x00, 0x5f, 0x5f, 0x77, 0x63, 0x68, 0x62, 0x00, 0x5f, 0x73, 0x74,
  0x64, 0x6f, 0x75, 0x74, 0x00, 0x5f, 0x63, 0x76, 0x74, 0x6c, 0x65, 0x6e,
  0x00, 0x5f, 0x66, 0x69, 0x6c, 0x65, 0x00, 0x5f, 0x73, 0x69, 0x67, 0x6e,
  0x61, 0x6c, 0x5f, 0x62, 0x75, 0x66, 0x00, 0x5f, 0x61, 0x73, 0x63, 0x74,
  0x69, 0x6d, 0x65, 0x5f, 0x62, 0x75, 0x66, 0x00, 0x5f, 0x72, 0x65, 0x73,
  0x75, 0x6c, 0x74, 0x00, 0x5f, 0x5f, 0x77, 0x63, 0x68, 0x00, 0x77, 0x69,
  0x6e, 0x74, 0x5f, 0x74, 0x00, 0x5f, 0x6c, 0x6f, 0x63, 0x6b, 0x00, 0x5f,
  0x66, 0x6c, 0x61, 0x67, 0x73, 0x32, 0x00, 0x5f, 0x5f, 0x74, 0x6d, 0x5f,
  0x79, 0x65, 0x61, 0x72, 0x00, 0x5f, 0x6d, 0x69, 0x73, 0x63, 0x00, 0x73,
  0x74, 0x61, 0x63, 0x6b, 0x62, 0x75, 0x66, 0x00, 0x5f, 0x5f, 0x74, 0x6d,
  0x5f, 0x6d, 0x6f, 0x6e, 0x00, 0x5f, 0x66, 0x72, 0x65, 0x65, 0x6c, 0x69,
  0x73, 0x74, 0x00, 0x5f, 0x4c, 0x4f, 0x43, 0x4b, 0x5f, 0x52, 0x45, 0x43,
  0x55, 0x52, 0x53, 0x49, 0x56, 0x45, 0x5f, 0x54, 0x00, 0x5f, 0x5f, 0x74,
  0x6d, 0x5f, 0x79, 0x64, 0x61, 0x79, 0x00, 0x5f, 0x5f, 0x73, 0x62, 0x75,
  0x66, 0x00, 0x5f, 0x5f, 0x46, 0x49, 0x4c, 0x45, 0x00, 0x5f, 0x6d, 0x62,
  0x73, 0x74, 0x61, 0x74, 0x65, 0x5f, 0x74, 0x00, 0x5f, 0x5f, 0x73, 0x46,
  0x49, 0x4c, 0x45, 0x00, 0x5f, 0x6d, 0x62, 0x73, 0x74, 0x61, 0x74, 0x65,
  0x00, 0x5f, 0x72, 0x61, 0x6e, 0x64, 0x5f, 0x6e, 0x65, 0x78, 0x74, 0x00,
  0x5f, 0x6d, 0x62, 0x6c, 0x65, 0x6e, 0x5f, 0x73, 0x74, 0x61, 0x74, 0x65,
  0x00, 0x5f, 0x69, 0x6e, 0x63, 0x00, 0x5f, 0x6c, 0x6f, 0x63, 0x61, 0x6c,
  0x65, 0x00, 0x5f, 0x5f, 0x63, 0x6c, 0x65, 0x61, 0x6e, 0x75, 0x70, 0x00,
  0x5f, 0x6d, 0x61, 0x78, 0x77, 0x64, 0x73, 0x00, 0x5f, 0x73, 0x65, 0x65,
  0x64, 0x00, 0x5f, 0x5f, 0x63, 0x6f, 0x75, 0x6e, 0x74, 0x00, 0x5f, 0x5f,
  0x76, 0x61, 0x6c, 0x75, 0x65, 0x00, 0x5f, 0x73, 0x65, 0x65, 0x6b, 0x00,
  0x5f, 0x69, 0x6d, 0x70, 0x75, 0x72, 0x65, 0x5f, 0x70, 0x74, 0x72, 0x00,
  0x5f, 0x66, 0x70, 0x6f, 0x73, 0x5f, 0x74, 0x00, 0x5f, 0x5f, 0x74, 0x6d,
  0x5f, 0x6d, 0x69, 0x6e, 0x00, 0x5f, 0x6d, 0x75, 0x6c, 0x74, 0x00, 0x5f,
  0x73, 0x74, 0x72, 0x74, 0x6f, 0x6b, 0x5f, 0x6c, 0x61, 0x73, 0x74, 0x00,
  0x5f, 0x6d, 0x69, 0x73, 0x63, 0x5f, 0x72, 0x65, 0x65, 0x6e, 0x74, 0x00,
  0x64, 0x6f, 0x6e, 0x73, 0x64, 0x6f, 0x73, 0x5f, 0x6e, 0x65, 0x77, 0x6c,
  0x69, 0x62, 0x5f, 0x69, 0x6e, 0x69, 0x74, 0x00, 0x5f, 0x61, 0x64, 0x64,
  0x00, 0x5f, 0x5f, 0x55, 0x4c, 0x6f, 0x6e, 0x67, 0x00, 0x5f, 0x67, 0x65,
  0x74, 0x64, 0x61, 0x74, 0x65, 0x5f, 0x65, 0x72, 0x72, 0x00, 0x5f, 0x77,
  0x64, 0x73, 0x00, 0x5f, 0x5f, 0x74, 0x6d, 0x5f, 0x77, 0x64, 0x61, 0x79,
  0x00, 0x5f, 0x6c, 0x36, 0x34, 0x61, 0x5f, 0x62, 0x75, 0x66, 0x00, 0x5f,
  0x73, 0x69, 0x67, 0x5f, 0x66, 0x75, 0x6e, 0x63, 0x00, 0x5f, 0x6e, 0x62,
  0x75, 0x66, 0x00, 0x5f, 0x5f, 0x74, 0x6d, 0x5f, 0x69, 0x73, 0x64, 0x73,
  0x74, 0x00, 0x5f, 0x6c, 0x6f, 0x63, 0x61, 0x6c, 0x74, 0x69, 0x6d, 0x65,
  0x5f, 0x62, 0x75, 0x66, 0x00, 0x5f, 0x72, 0x34, 0x38, 0x00, 0x5f, 0x6d,
  0x62, 0x74, 0x6f, 0x77, 0x63, 0x5f, 0x73, 0x74, 0x61, 0x74, 0x65, 0x00,
  0x5f, 0x70, 0x35, 0x73, 0x00, 0x5f, 0x5f, 0x74, 0x6d, 0x5f, 0x6d, 0x64,
  0x61, 0x79, 0x00, 0x64, 0x69, 0x72, 0x65, 0x63, 0x74, 0x5f, 0x73, 0x65,
  0x72, 0x69, 0x61, 0x6c, 0x5f, 0x77, 0x72, 0x69, 0x74, 0x65, 0x00, 0x5f,
  0x5f, 0x62, 0x75, 0x69, 0x6c, 0x74, 0x69, 0x6e, 0x5f, 0x73, 0x74, 0x72,
  0x6c, 0x65, 0x6e, 0x00, 0x70, 0x72, 0x69, 0x6e, 0x74, 0x5f, 0x68, 0x65,
  0x78, 0x5f, 0x6c, 0x61, 0x62, 0x65, 0x6c, 0x00, 0x75, 0x73, 0x65, 0x72,
  0x5f, 0x73, 0x74, 0x72, 0x6c, 0x65, 0x6e, 0x00, 0x61, 0x72, 0x67, 0x76,
  0x00, 0x61, 0x72, 0x67, 0x63, 0x00, 0x6d, 0x61, 0x69, 0x6e, 0x00, 0xb7,
  0x02, 0x00, 0x00, 0x05, 0x00, 0x08, 0x00, 0x00, 0x00, 0x00, 0x00, 0x00,
  0x00, 0x00, 0x00, 0x04, 0xe0, 0x04, 0xe3, 0x04, 0x01, 0x55, 0x04, 0xe3,
  0x04, 0xec, 0x04, 0x03, 0x75, 0x01, 0x9f, 0x00, 0x02, 0x04, 0x04, 0xe0,
  0x04, 0xe0, 0x04, 0x01, 0x55, 0x00, 0x00, 0x00, 0x00, 0x00, 0x04, 0xc0,
  0x04, 0xc3, 0x04, 0x01, 0x55, 0x04, 0xc3, 0x04, 0xde, 0x04, 0x03, 0x75,
  0x01, 0x9f, 0x00, 0x02, 0x00, 0x00, 0x00, 0x04, 0xc0, 0x04, 0xc3, 0x04,
  0x01, 0x55, 0x04, 0xc3, 0x04, 0xdd, 0x04, 0x03, 0x75, 0x01, 0x9f, 0x00,
  0x02, 0x00, 0x04, 0xc0, 0x04, 0xdd, 0x04, 0x01, 0x54, 0x00, 0x02, 0x01,
  0x04, 0xa0, 0x03, 0xaf, 0x03, 0x02, 0x49, 0x9f, 0x00, 0x02, 0x01, 0x04,
  0xa0, 0x03, 0xaf, 0x03, 0x02, 0x30, 0x9f, 0x00, 0x00, 0x00, 0x00, 0x00,
  0x00, 0x00, 0x00, 0x00, 0x00, 0x00, 0x04, 0xa0, 0x02, 0xb9, 0x02, 0x01,
  0x55, 0x04, 0xb9, 0x02, 0xe9, 0x02, 0x01, 0x59, 0x04, 0xe9, 0x02, 0xf4,
  0x02, 0x01, 0x55, 0x04, 0xf4, 0x02, 0x8b, 0x03, 0x01, 0x59, 0x04, 0x8b,
  0x03, 0x9e, 0x03, 0x04, 0xa3, 0x01, 0x55, 0x9f, 0x00, 0x00, 0x00, 0x00,
  0x00, 0x00, 0x01, 0x00, 0x00, 0x00, 0x00, 0x04, 0xae, 0x02, 0xb9, 0x02,
  0x01, 0x55, 0x04, 0xb9, 0x02, 0xe9, 0x02, 0x01, 0x59, 0x04, 0xe9, 0x02,
  0xef, 0x02, 0x01, 0x55, 0x04, 0xf4, 0x02, 0x8b, 0x03, 0x01, 0x59, 0x04,
  0x8b, 0x03, 0x9e, 0x03, 0x04, 0xa3, 0x01, 0x55, 0x9f, 0x00, 0x01, 0x00,
  0x00, 0x00, 0x04, 0xe3, 0x02, 0xf3, 0x02, 0x01, 0x50, 0x04, 0xf3, 0x02,
  0xf4, 0x02, 0x09, 0x03, 0x00, 0x30, 0x00, 0x00, 0x80, 0x00, 0x00, 0x00,
  0x00, 0x00, 0x01, 0x04, 0xec, 0x02, 0xef, 0x02, 0x01, 0x51, 0x00, 0x01,
  0x00, 0x04, 0xc6, 0x02, 0xcf, 0x02, 0x01, 0x50, 0x00, 0x01, 0x01, 0x04,
  0xb7, 0x02, 0xc6, 0x02, 0x02, 0x3a, 0x9f, 0x00, 0x01, 0x01, 0x04, 0xb7,
  0x02, 0xc6, 0x02, 0x02, 0x30, 0x9f, 0x00, 0x01, 0x01, 0x04, 0xd4, 0x02,
  0xe3, 0x02, 0x02, 0x3a, 0x9f, 0x00, 0x01, 0x01, 0x04, 0xd4, 0x02, 0xe3,
  0x02, 0x01, 0x59, 0x00, 0x01, 0x01, 0x04, 0xd4, 0x02, 0xe3, 0x02, 0x02,
  0x30, 0x9f, 0x00, 0x02, 0x00, 0x04, 0x80, 0x02, 0x93, 0x02, 0x01, 0x55,
  0x00, 0x04, 0x00, 0x04, 0x80, 0x02, 0x8f, 0x02, 0x02, 0x32, 0x9f, 0x00,
  0x04, 0x00, 0x00, 0x00, 0x04, 0x80, 0x02, 0x85, 0x02, 0x09, 0x75, 0x00,
  0x08, 0x20, 0x24, 0x08, 0x20, 0x26, 0x9f, 0x04, 0x85, 0x02, 0x8f, 0x02,
  0x01, 0x55, 0x00, 0x04, 0x00, 0x04, 0x80, 0x02, 0x8f, 0x02, 0x02, 0x30,
  0x9f, 0x00, 0x02, 0x01, 0x04, 0x20, 0x2a, 0x02, 0x31, 0x9f, 0x00, 0x02,
  0x00, 0x00, 0x01, 0x04, 0x20, 0x23, 0x09, 0x75, 0x00, 0x08, 0x20, 0x24,
  0x08, 0x20, 0x26, 0x9f, 0x04, 0x23, 0x2a, 0x01, 0x55, 0x00, 0x02, 0x01,
  0x04, 0x20, 0x2a, 0x01, 0x54, 0x00, 0x02, 0x01, 0x04, 0x20, 0x2a, 0x01,
  0x51, 0x00, 0x02, 0x01, 0x04, 0x30, 0x3a, 0x02, 0x33, 0x9f, 0x00, 0x02,
  0x00, 0x00, 0x01, 0x04, 0x30, 0x33, 0x09, 0x75, 0x00, 0x08, 0x20, 0x24,
  0x08, 0x20, 0x26, 0x9f, 0x04, 0x33, 0x3a, 0x01, 0x55, 0x00, 0x02, 0x01,
  0x04, 0x30, 0x3a, 0x01, 0x54, 0x00, 0x02, 0x01, 0x04, 0x30, 0x3a, 0x01,
  0x51, 0x00, 0x02, 0x00, 0x04, 0x40, 0x4f, 0x02, 0x32, 0x9f, 0x00, 0x02,
  0x00, 0x00, 0x00, 0x04, 0x40, 0x45, 0x09, 0x75, 0x00, 0x08, 0x20, 0x24,
  0x08, 0x20, 0x26, 0x9f, 0x04, 0x45, 0x4f, 0x01, 0x55, 0x00, 0x02, 0x00,
  0x04, 0x40, 0x4f, 0x02, 0x30, 0x9f, 0x00, 0x00, 0x00, 0x00, 0x00, 0x00,
  0x00, 0x00, 0x00, 0x00, 0x00, 0x04, 0x60, 0x79, 0x01, 0x55, 0x04, 0x79,
  0xa9, 0x01, 0x01, 0x59, 0x04, 0xa9, 0x01, 0xb4, 0x01, 0x01, 0x55, 0x04,
  0xb4, 0x01, 0xcb, 0x01, 0x01, 0x59, 0x04, 0xcb, 0x01, 0xde, 0x01, 0x04,
  0xa3, 0x01, 0x55, 0x9f, 0x00, 0x01, 0x00, 0x00, 0x00, 0x04, 0xa3, 0x01,
  0xb3, 0x01, 0x01, 0x50, 0x04, 0xb3, 0x01, 0xb4, 0x01, 0x09, 0x03, 0x00,
  0x30, 0x00, 0x00, 0x80, 0x00, 0x00, 0x00, 0x00, 0x00, 0x00, 0x04, 0xac,
  0x01, 0xb4, 0x01, 0x01, 0x51, 0x00, 0x01, 0x00, 0x04, 0x86, 0x01, 0x8f,
  0x01, 0x01, 0x50, 0x00, 0x01, 0x01, 0x04, 0x77, 0x86, 0x01, 0x02, 0x3a,
  0x9f, 0x00, 0x01, 0x01, 0x04, 0x77, 0x86, 0x01, 0x02, 0x30, 0x9f, 0x00,
  0x01, 0x01, 0x04, 0x94, 0x01, 0xa3, 0x01, 0x02, 0x3a, 0x9f, 0x00, 0x01,
  0x01, 0x04, 0x94, 0x01, 0xa3, 0x01, 0x01, 0x59, 0x00, 0x01, 0x01, 0x04,
  0x94, 0x01, 0xa3, 0x01, 0x02, 0x30, 0x9f, 0x00, 0x00, 0x00, 0x00, 0x00,
  0x04, 0xc0, 0x03, 0xc3, 0x03, 0x01, 0x55, 0x04, 0xc3, 0x03, 0xde, 0x03,
  0x03, 0x75, 0x01, 0x9f, 0x00, 0x00, 0x00, 0x00, 0x00, 0x04, 0xe0, 0x03,
  0xe3, 0x03, 0x01, 0x55, 0x04, 0xe3, 0x03, 0xec, 0x03, 0x03, 0x75, 0x01,
  0x9f, 0x00, 0x7d, 0x00, 0x00, 0x00, 0x05, 0x00, 0x08, 0x00, 0x00, 0x00,
  0x00, 0x00, 0x05, 0x00, 0x04, 0x6f, 0x7b, 0x02, 0x30, 0x9f, 0x00, 0x01,
  0x00, 0x04, 0x37, 0x4d, 0x0a, 0x03, 0x17, 0x20, 0x00, 0x00, 0x80, 0x00,
  0x00, 0x00, 0x9f, 0x00, 0x01, 0x00, 0x04, 0x37, 0x4d, 0x02, 0x33, 0x9f,
  0x00, 0x02, 0x00, 0x04, 0x4d, 0x5e, 0x0a, 0x03, 0x1b, 0x20, 0x00, 0x00,
  0x80, 0x00, 0x00, 0x00, 0x9f, 0x00, 0x02, 0x00, 0x04, 0x4d, 0x5e, 0x02,
  0x33, 0x9f, 0x00, 0x02, 0x00, 0x04, 0x5e, 0x6f, 0x0a, 0x03, 0x1f, 0x20,
  0x00, 0x00, 0x80, 0x00, 0x00, 0x00, 0x9f, 0x00, 0x02, 0x00, 0x04, 0x5e,
  0x6f, 0x02, 0x33, 0x9f, 0x00, 0x01, 0x00, 0x04, 0x98, 0x01, 0xae, 0x01,
  0x0a, 0x03, 0x23, 0x20, 0x00, 0x00, 0x80, 0x00, 0x00, 0x00, 0x9f, 0x00,
  0x01, 0x00, 0x04, 0x98, 0x01, 0xae, 0x01, 0x02, 0x40, 0x9f, 0x00, 0xd1,
  0x01, 0x00, 0x00, 0x05, 0x00, 0x08, 0x00, 0x00, 0x00, 0x00, 0x00, 0x00,
  0x00, 0x00, 0x00, 0x06, 0x30, 0x05, 0x00, 0x00, 0x80, 0x00, 0x00, 0x00,
  0x04, 0x00, 0x0a, 0x01, 0x55, 0x04, 0x0a, 0xb1, 0x01, 0x04, 0xa3, 0x01,
  0x55, 0x9f, 0x00, 0x00, 0x00, 0x00, 0x00, 0x06, 0x30, 0x05, 0x00, 0x00,
  0x80, 0x00, 0x00, 0x00, 0x04, 0x00, 0x26, 0x01, 0x54, 0x04, 0x26, 0xb1,
  0x01, 0x04, 0xa3, 0x01, 0x54, 0x9f, 0x00, 0x00, 0x00, 0x00, 0x00, 0x00,
  0x00, 0x00, 0x00, 0x06, 0x40, 0x04, 0x00, 0x00, 0x80, 0x00, 0x00, 0x00,
  0x04, 0x00, 0x07, 0x01, 0x55, 0x04, 0x07, 0x77, 0x01, 0x59, 0x04, 0x77,
  0xdd, 0x01, 0x04, 0xa3, 0x01, 0x55, 0x9f, 0x04, 0xdd, 0x01, 0xec, 0x01,
  0x01, 0x59, 0x00, 0x00, 0x00, 0x00, 0x00, 0x00, 0x00, 0x00, 0x00, 0x00,
  0x00, 0x00, 0x00, 0x00, 0x00, 0x06, 0x40, 0x04, 0x00, 0x00, 0x80, 0x00,
  0x00, 0x00, 0x04, 0x00, 0x62, 0x01, 0x54, 0x04, 0x62, 0xc8, 0x01, 0x01,
  0x55, 0x04, 0xc8, 0x01, 0xdd, 0x01, 0x04, 0xa3, 0x01, 0x54, 0x9f, 0x04,
  0xdd, 0x01, 0xdf, 0x01, 0x01, 0x54, 0x04, 0xdf, 0x01, 0xe1, 0x01, 0x01,
  0x55, 0x04, 0xe1, 0x01, 0xe3, 0x01, 0x01, 0x54, 0x04, 0xe3, 0x01, 0xec,
  0x01, 0x01, 0x55, 0x00, 0x05, 0x00, 0x00, 0x01, 0x01, 0x00, 0x00, 0x00,
  0x01, 0x02, 0x02, 0x01, 0x01, 0x00, 0x00, 0x03, 0x00, 0x01, 0x01, 0x00,
  0x00, 0x01, 0x01, 0x00, 0x00, 0x00, 0x00, 0x00, 0x06, 0x40, 0x04, 0x00,
  0x00, 0x80, 0x00, 0x00, 0x00, 0x04, 0x00, 0x26, 0x02, 0x30, 0x9f, 0x04,
  0x40, 0x42, 0x03, 0x70, 0x7f, 0x9f, 0x04, 0x42, 0x53, 0x01, 0x50, 0x04,
  0x53, 0x62, 0x03, 0x70, 0x7f, 0x9f, 0x04, 0x62, 0x62, 0x03, 0x74, 0x01,
  0x9f, 0x04, 0x62, 0x7c, 0x03, 0x74, 0x02, 0x9f, 0x04, 0x7c, 0x8c, 0x01,
  0x01, 0x51, 0x04, 0x8c, 0x01, 0x91, 0x01, 0x03, 0x74, 0x03, 0x9f, 0x04,
  0xa0, 0x01, 0xa0, 0x01, 0x08, 0x71, 0x00, 0x76, 0x00, 0x1c, 0x23, 0x28,
  0x9f, 0x04, 0xa0, 0x01, 0xa7, 0x01, 0x08, 0x71, 0x00, 0x76, 0x00, 0x1c,
  0x23, 0x29, 0x9f, 0x04, 0xa7, 0x01, 0xbd, 0x01, 0x08, 0x71, 0x00, 0x76,
  0x00, 0x1c, 0x23, 0x28, 0x9f, 0x04, 0xbd, 0x01, 0xda, 0x01, 0x03, 0x74,
  0x14, 0x9f, 0x04, 0xdd, 0x01, 0xe1, 0x01, 0x01, 0x50, 0x04, 0xe1, 0x01,
  0xec, 0x01, 0x02, 0x30, 0x9f, 0x00, 0x02, 0x03, 0x08, 0xd1, 0x04, 0x00,
  0x00, 0x80, 0x00, 0x00, 0x00, 0x00, 0x02, 0x3f, 0x9f, 0x00, 0x00, 0x00,
  0x00, 0x00, 0x00, 0x00, 0x00, 0x00, 0x06, 0x00, 0x04, 0x00, 0x00, 0x80,
  0x00, 0x00, 0x00, 0x04, 0x00, 0x1b, 0x01, 0x55, 0x04, 0x1b, 0x39, 0x01,
  0x53, 0x04, 0x39, 0x3b, 0x01, 0x54, 0x04, 0x3b, 0x3c, 0x01, 0x55, 0x00,
  0x02, 0x00, 0x08, 0x2d, 0x04, 0x00, 0x00, 0x80, 0x00, 0x00, 0x00, 0x07,
  0x01, 0x51, 0x00, 0x02, 0x00, 0x00, 0x02, 0x00, 0x00, 0x06, 0x00, 0x04,
  0x00, 0x00, 0x80, 0x00, 0x00, 0x00, 0x04, 0x00, 0x1b, 0x01, 0x55, 0x04,
  0x1b, 0x2d, 0x01, 0x53, 0x04, 0x3b, 0x3c, 0x01, 0x55, 0x00, 0x05, 0x02,
  0x00, 0x00, 0x06, 0x00, 0x04, 0x00, 0x00, 0x80, 0x00, 0x00, 0x00, 0x04,
  0x00, 0x2d, 0x02, 0x30, 0x9f, 0x04, 0x3b, 0x3c, 0x02, 0x30, 0x9f, 0x00,
  0x57, 0x00, 0x00, 0x00, 0x05, 0x00, 0x08, 0x00, 0x00, 0x00, 0x00, 0x00,
  0x04, 0x20, 0x20, 0x04, 0x23, 0x2a, 0x00, 0x04, 0x30, 0x30, 0x04, 0x33,
  0x3a, 0x00, 0x04, 0x40, 0x42, 0x04, 0x45, 0x50, 0x00, 0x04, 0x77, 0x8f,
  0x01, 0x04, 0xcc, 0x01, 0xd3, 0x01, 0x00, 0x04, 0x80, 0x02, 0x82, 0x02,
  0x04, 0x85, 0x02, 0x90, 0x02, 0x00, 0x04, 0xa0, 0x02, 0xaa, 0x02, 0x04,
  0xae, 0x02, 0xae, 0x02, 0x04, 0xb1, 0x02, 0xef, 0x02, 0x04, 0xf8, 0x02,
  0xfb, 0x02, 0x04, 0x80, 0x03, 0x99, 0x03, 0x00, 0x04, 0xb7, 0x02, 0xcf,
  0x02, 0x04, 0x8c, 0x03, 0x93, 0x03, 0x00, 0x1d, 0x00, 0x00, 0x00, 0x05,
  0x00, 0x08, 0x00, 0x00, 0x00, 0x00, 0x00, 0x04, 0x01, 0x06, 0x04, 0x10,
  0x1f, 0x04, 0x30, 0x37, 0x00, 0x04, 0x6f, 0x6f, 0x04, 0x74, 0x7b, 0x04,
  0x7b, 0x8d, 0x01, 0x00, 0x35, 0x00, 0x00, 0x00, 0x05, 0x00, 0x08, 0x00,
  0x00, 0x00, 0x00, 0x00, 0x05, 0x00, 0x04, 0x00, 0x00, 0x80, 0x00, 0x00,
  0x00, 0x04, 0x00, 0x0f, 0x04, 0x17, 0x1b, 0x04, 0x1f, 0x21, 0x04, 0x2d,
  0x2d, 0x00, 0x07, 0x00, 0x04, 0x00, 0x00, 0x80, 0x00, 0x00, 0x00, 0xac,
  0x02, 0x07, 0x30, 0x05, 0x00, 0x00, 0x80, 0x00, 0x00, 0x00, 0xb1, 0x01,
  0x00, 0x00, 0x00, 0x00, 0x00, 0x00, 0x00, 0x00, 0x00, 0x00, 0x00, 0x00,
  0x00, 0x00, 0x00, 0x00, 0x00, 0x00, 0x00, 0x00, 0x00, 0x00, 0x00, 0x00,
  0x00, 0x00, 0x00, 0x00, 0x01, 0x00, 0x00, 0x00, 0x04, 0x00, 0xf1, 0xff,
  0x00, 0x00, 0x00, 0x00, 0x00, 0x00, 0x00, 0x00, 0x00, 0x00, 0x00, 0x00,
  0x00, 0x00, 0x00, 0x00, 0x08, 0x00, 0x00, 0x00, 0x00, 0x00, 0x01, 0x00,
  0x5a, 0x00, 0x00, 0x00, 0x80, 0x00, 0x00, 0x00, 0x00, 0x00, 0x00, 0x00,
  0x00, 0x00, 0x00, 0x00, 0x10, 0x00, 0x00, 0x00, 0x04, 0x00, 0xf1, 0xff,
  0x00, 0x00, 0x00, 0x00, 0x00, 0x00, 0x00, 0x00, 0x00, 0x00, 0x00, 0x00,
  0x00, 0x00, 0x00, 0x00, 0x1b, 0x00, 0x00, 0x00, 0x01, 0x00, 0x03, 0x00,
  0x00, 0x30, 0x00, 0x00, 0x80, 0x00, 0x00, 0x00, 0x08, 0x00, 0x00, 0x00,
  0x00, 0x00, 0x00, 0x00, 0x2d, 0x00, 0x00, 0x00, 0x04, 0x00, 0xf1, 0xff,
  0x00, 0x00, 0x00, 0x00, 0x00, 0x00, 0x00, 0x00, 0x00, 0x00, 0x00, 0x00,
  0x00, 0x00, 0x00, 0x00, 0x35, 0x00, 0x00, 0x00, 0x04, 0x00, 0xf1, 0xff,
  0x00, 0x00, 0x00, 0x00, 0x00, 0x00, 0x00, 0x00, 0x00, 0x00, 0x00, 0x00,
  0x00, 0x00, 0x00, 0x00, 0x42, 0x00, 0x00, 0x00, 0x02, 0x00, 0x01, 0x00,
  0x00, 0x04, 0x00, 0x00, 0x80, 0x00, 0x00, 0x00, 0x3c, 0x00, 0x00, 0x00,
  0x00, 0x00, 0x00, 0x00, 0x56, 0x00, 0x00, 0x00, 0x02, 0x00, 0x01, 0x00,
  0x40, 0x04, 0x00, 0x00, 0x80, 0x00, 0x00, 0x00, 0xec, 0x00, 0x00, 0x00,
  0x00, 0x00, 0x00, 0x00, 0x66, 0x00, 0x00, 0x00, 0x01, 0x00, 0x02, 0x00,
  0x70, 0x20, 0x00, 0x00, 0x80, 0x00, 0x00, 0x00, 0x11, 0x00, 0x00, 0x00,
  0x00, 0x00, 0x00, 0x00, 0x6b, 0x00, 0x00, 0x00, 0x04, 0x00, 0xf1, 0xff,
  0x00, 0x00, 0x00, 0x00, 0x00, 0x00, 0x00, 0x00, 0x00, 0x00, 0x00, 0x00,
  0x00, 0x00, 0x00, 0x00, 0x74, 0x00, 0x00, 0x00, 0x02, 0x00, 0x01, 0x00,
  0x00, 0x06, 0x00, 0x00, 0x80, 0x00, 0x00, 0x00, 0x03, 0x00, 0x00, 0x00,
  0x00, 0x00, 0x00, 0x00, 0xbd, 0x01, 0x00, 0x00, 0x02, 0x00, 0x01, 0x00,
  0x10, 0x06, 0x00, 0x00, 0x80, 0x00, 0x00, 0x00, 0x2a, 0x00, 0x00, 0x00,
  0x00, 0x00, 0x00, 0x00, 0x7e, 0x00, 0x00, 0x00, 0x02, 0x00, 0x01, 0x00,
  0x40, 0x06, 0x00, 0x00, 0x80, 0x00, 0x00, 0x00, 0x7e, 0x00, 0x00, 0x00,
  0x00, 0x00, 0x00, 0x00, 0x8c, 0x00, 0x00, 0x00, 0x02, 0x00, 0x01, 0x00,
  0xc0, 0x06, 0x00, 0x00, 0x80, 0x00, 0x00, 0x00, 0x03, 0x00, 0x00, 0x00,
  0x00, 0x00, 0x00, 0x00, 0x98, 0x00, 0x00, 0x00, 0x02, 0x00, 0x01, 0x00,
  0xd0, 0x06, 0x00, 0x00, 0x80, 0x00, 0x00, 0x00, 0xfb, 0x01, 0x00, 0x00,
  0x00, 0x00, 0x00, 0x00, 0xb1, 0x00, 0x00, 0x00, 0x04, 0x00, 0xf1, 0xff,
  0x00, 0x00, 0x00, 0x00, 0x00, 0x00, 0x00, 0x00, 0x00, 0x00, 0x00, 0x00,
  0x00, 0x00, 0x00, 0x00, 0xb9, 0x00, 0x00, 0x00, 0x04, 0x00, 0xf1, 0xff,
  0x00, 0x00, 0x00, 0x00, 0x00, 0x00, 0x00, 0x00, 0x00, 0x00, 0x00, 0x00,
  0x00, 0x00, 0x00, 0x00, 0xc1, 0x00, 0x00, 0x00, 0x04, 0x00, 0xf1, 0xff,
  0x00, 0x00, 0x00, 0x00, 0x00, 0x00, 0x00, 0x00, 0x00, 0x00, 0x00, 0x00,
  0x00, 0x00, 0x00, 0x00, 0xca, 0x00, 0x00, 0x00, 0x04, 0x00, 0xf1, 0xff,
  0x00, 0x00, 0x00, 0x00, 0x00, 0x00, 0x00, 0x00, 0x00, 0x00, 0x00, 0x00,
  0x00, 0x00, 0x00, 0x00, 0x2d, 0x00, 0x00, 0x00, 0x04, 0x00, 0xf1, 0xff,
  0x00, 0x00, 0x00, 0x00, 0x00, 0x00, 0x00, 0x00, 0x00, 0x00, 0x00, 0x00,
  0x00, 0x00, 0x00, 0x00, 0xd3, 0x00, 0x00, 0x00, 0x04, 0x00, 0xf1, 0xff,
  0x00, 0x00, 0x00, 0x00, 0x00, 0x00, 0x00, 0x00, 0x00, 0x00, 0x00, 0x00,
  0x00, 0x00, 0x00, 0x00, 0xdc, 0x00, 0x00, 0x00, 0x04, 0x00, 0xf1, 0xff,
  0x00, 0x00, 0x00, 0x00, 0x00, 0x00, 0x00, 0x00, 0x00, 0x00, 0x00, 0x00,
  0x00, 0x00, 0x00, 0x00, 0xe5, 0x00, 0x00, 0x00, 0x04, 0x00, 0xf1, 0xff,
  0x00, 0x00, 0x00, 0x00, 0x00, 0x00, 0x00, 0x00, 0x00, 0x00, 0x00, 0x00,
  0x00, 0x00, 0x00, 0x00, 0xed, 0x00, 0x00, 0x00, 0x04, 0x00, 0xf1, 0xff,
  0x00, 0x00, 0x00, 0x00, 0x00, 0x00, 0x00, 0x00, 0x00, 0x00, 0x00, 0x00,
  0x00, 0x00, 0x00, 0x00, 0xf6, 0x00, 0x00, 0x00, 0x04, 0x00, 0xf1, 0xff,
  0x00, 0x00, 0x00, 0x00, 0x00, 0x00, 0x00, 0x00, 0x00, 0x00, 0x00, 0x00,
  0x00, 0x00, 0x00, 0x00, 0xfe, 0x00, 0x00, 0x00, 0x04, 0x00, 0xf1, 0xff,
  0x00, 0x00, 0x00, 0x00, 0x00, 0x00, 0x00, 0x00, 0x00, 0x00, 0x00, 0x00,
  0x00, 0x00, 0x00, 0x00, 0x05, 0x01, 0x00, 0x00, 0x04, 0x00, 0xf1, 0xff,
  0x00, 0x00, 0x00, 0x00, 0x00, 0x00, 0x00, 0x00, 0x00, 0x00, 0x00, 0x00,
  0x00, 0x00, 0x00, 0x00, 0x15, 0x01, 0x00, 0x00, 0x00, 0x00, 0x01, 0x00,
  0x2b, 0x12, 0x00, 0x00, 0x80, 0x00, 0x00, 0x00, 0x00, 0x00, 0x00, 0x00,
  0x00, 0x00, 0x00, 0x00, 0x1e, 0x01, 0x00, 0x00, 0x00, 0x00, 0x01, 0x00,
  0x9e, 0x11, 0x00, 0x00, 0x80, 0x00, 0x00, 0x00, 0x00, 0x00, 0x00, 0x00,
  0x00, 0x00, 0x00, 0x00, 0x2f, 0x01, 0x00, 0x00, 0x00, 0x00, 0x01, 0x00,
  0x31, 0x12, 0x00, 0x00, 0x80, 0x00, 0x00, 0x00, 0x00, 0x00, 0x00, 0x00,
  0x00, 0x00, 0x00, 0x00, 0x3c, 0x01, 0x00, 0x00, 0x00, 0x00, 0x01, 0x00,
  0xc0, 0x11, 0x00, 0x00, 0x80, 0x00, 0x00, 0x00, 0x00, 0x00, 0x00, 0x00,
  0x00, 0x00, 0x00, 0x00, 0x41, 0x01, 0x00, 0x00, 0x04, 0x00, 0xf1, 0xff,
  0x00, 0x00, 0x00, 0x00, 0x00, 0x00, 0x00, 0x00, 0x00, 0x00, 0x00, 0x00,
  0x00, 0x00, 0x00, 0x00, 0x49, 0x01, 0x00, 0x00, 0x04, 0x00, 0xf1, 0xff,
  0x00, 0x00, 0x00, 0x00, 0x00, 0x00, 0x00, 0x00, 0x00, 0x00, 0x00, 0x00,
  0x00, 0x00, 0x00, 0x00, 0x53, 0x01, 0x00, 0x00, 0x02, 0x00, 0x01, 0x00,
  0xc0, 0x13, 0x00, 0x00, 0x80, 0x00, 0x00, 0x00, 0xa0, 0x00, 0x00, 0x00,
  0x00, 0x00, 0x00, 0x00, 0x60, 0x01, 0x00, 0x00, 0x04, 0x00, 0xf1, 0xff,
  0x00, 0x00, 0x00, 0x00, 0x00, 0x00, 0x00, 0x00, 0x00, 0x00, 0x00, 0x00,
  0x00, 0x00, 0x00, 0x00, 0x68, 0x01, 0x00, 0x00, 0x04, 0x00, 0xf1, 0xff,
  0x00, 0x00, 0x00, 0x00, 0x00, 0x00, 0x00, 0x00, 0x00, 0x00, 0x00, 0x00,
  0x00, 0x00, 0x00, 0x00, 0x71, 0x01, 0x00, 0x00, 0x04, 0x00, 0xf1, 0xff,
  0x00, 0x00, 0x00, 0x00, 0x00, 0x00, 0x00, 0x00, 0x00, 0x00, 0x00, 0x00,
  0x00, 0x00, 0x00, 0x00, 0x7a, 0x01, 0x00, 0x00, 0x04, 0x00, 0xf1, 0xff,
  0x00, 0x00, 0x00, 0x00, 0x00, 0x00, 0x00, 0x00, 0x00, 0x00, 0x00, 0x00,
  0x00, 0x00, 0x00, 0x00, 0x82, 0x01, 0x00, 0x00, 0x12, 0x00, 0x01, 0x00,
  0x00, 0x03, 0x00, 0x00, 0x80, 0x00, 0x00, 0x00, 0x06, 0x00, 0x00, 0x00,
  0x00, 0x00, 0x00, 0x00, 0x8a, 0x01, 0x00, 0x00, 0x12, 0x00, 0x01, 0x00,
  0xb0, 0x0f, 0x00, 0x00, 0x80, 0x00, 0x00, 0x00, 0x60, 0x00, 0x00, 0x00,
  0x00, 0x00, 0x00, 0x00, 0x93, 0x01, 0x00, 0x00, 0x12, 0x00, 0x01, 0x00,
  0x80, 0x0c, 0x00, 0x00, 0x80, 0x00, 0x00, 0x00, 0x50, 0x00, 0x00, 0x00,
  0x00, 0x00, 0x00, 0x00, 0x9b, 0x01, 0x00, 0x00, 0x12, 0x00, 0x01, 0x00,
  0x50, 0x0a, 0x00, 0x00, 0x80, 0x00, 0x00, 0x00, 0x3a, 0x00, 0x00, 0x00,
  0x00, 0x00, 0x00, 0x00, 0xa3, 0x01, 0x00, 0x00, 0x12, 0x00, 0x01, 0x00,
  0x90, 0x16, 0x00, 0x00, 0x80, 0x00, 0x00, 0x00, 0x01, 0x00, 0x00, 0x00,
  0x00, 0x00, 0x00, 0x00, 0xb3, 0x01, 0x00, 0x00, 0x12, 0x00, 0x01, 0x00,
  0xd0, 0x10, 0x00, 0x00, 0x80, 0x00, 0x00, 0x00, 0x0b, 0x00, 0x00, 0x00,
  0x00, 0x00, 0x00, 0x00, 0xbb, 0x01, 0x00, 0x00, 0x11, 0x00, 0x03, 0x00,
  0x30, 0x32, 0x00, 0x00, 0x80, 0x00, 0x00, 0x00, 0x08, 0x00, 0x00, 0x00,
  0x00, 0x00, 0x00, 0x00, 0xb5, 0x01, 0x00, 0x00, 0x11, 0x00, 0x03, 0x00,
  0x38, 0x32, 0x00, 0x00, 0x80, 0x00, 0x00, 0x00, 0x04, 0x00, 0x00, 0x00,
  0x00, 0x00, 0x00, 0x00, 0xd0, 0x01, 0x00, 0x00, 0x12, 0x00, 0x01, 0x00,
  0xf0, 0x0b, 0x00, 0x00, 0x80, 0x00, 0x00, 0x00, 0x03, 0x00, 0x00, 0x00,
  0x00, 0x00, 0x00, 0x00, 0x83, 0x01, 0x00, 0x00, 0x12, 0x00, 0x01, 0x00,
  0x80, 0x02, 0x00, 0x00, 0x80, 0x00, 0x00, 0x00, 0x06, 0x00, 0x00, 0x00,
  0x00, 0x00, 0x00, 0x00, 0x04, 0x02, 0x00, 0x00, 0x12, 0x00, 0x01, 0x00,
  0x40, 0x02, 0x00, 0x00, 0x80, 0x00, 0x00, 0x00, 0x0c, 0x00, 0x00, 0x00,
  0x00, 0x00, 0x00, 0x00, 0xdb, 0x01, 0x00, 0x00, 0x12, 0x00, 0x01, 0x00,
  0xa0, 0x02, 0x00, 0x00, 0x80, 0x00, 0x00, 0x00, 0x1e, 0x00, 0x00, 0x00,
  0x00, 0x00, 0x00, 0x00, 0xe2, 0x01, 0x00, 0x00, 0x12, 0x00, 0x01, 0x00,
  0x70, 0x1b, 0x00, 0x00, 0x80, 0x00, 0x00, 0x00, 0x58, 0x00, 0x00, 0x00,
  0x00, 0x00, 0x00, 0x00, 0xea, 0x01, 0x00, 0x00, 0x12, 0x00, 0x01, 0x00,
  0x10, 0x10, 0x00, 0x00, 0x80, 0x00, 0x00, 0x00, 0x60, 0x00, 0x00, 0x00,
  0x00, 0x00, 0x00, 0x00, 0xf2, 0x01, 0x00, 0x00, 0x12, 0x00, 0x01, 0x00,
  0xa0, 0x16, 0x00, 0x00, 0x80, 0x00, 0x00, 0x00, 0x49, 0x01, 0x00, 0x00,
  0x00, 0x00, 0x00, 0x00, 0xfc, 0x01, 0x00, 0x00, 0x12, 0x00, 0x01, 0x00,
  0xa0, 0x1a, 0x00, 0x00, 0x80, 0x00, 0x00, 0x00, 0xca, 0x00, 0x00, 0x00,
  0x00, 0x00, 0x00, 0x00, 0x71, 0x02, 0x00, 0x00, 0x12, 0x00, 0x01, 0x00,
  0x50, 0x02, 0x00, 0x00, 0x80, 0x00, 0x00, 0x00, 0x08, 0x00, 0x00, 0x00,
  0x00, 0x00, 0x00, 0x00, 0x03, 0x02, 0x00, 0x00, 0x12, 0x00, 0x01, 0x00,
  0xc0, 0x02, 0x00, 0x00, 0x80, 0x00, 0x00, 0x00, 0x0c, 0x00, 0x00, 0x00,
  0x00, 0x00, 0x00, 0x00, 0x0b, 0x02, 0x00, 0x00, 0x12, 0x00, 0x01, 0x00,
  0xe0, 0x10, 0x00, 0x00, 0x80, 0x00, 0x00, 0x00, 0x89, 0x00, 0x00, 0x00,
  0x00, 0x00, 0x00, 0x00, 0x1d, 0x02, 0x00, 0x00, 0x10, 0x00, 0x03, 0x00,
  0x50, 0x32, 0x00, 0x00, 0x80, 0x00, 0x00, 0x00, 0x00, 0x00, 0x00, 0x00,
  0x00, 0x00, 0x00, 0x00, 0x27, 0x02, 0x00, 0x00, 0x12, 0x00, 0x01, 0x00,
  0xe0, 0x02, 0x00, 0x00, 0x80, 0x00, 0x00, 0x00, 0x06, 0x00, 0x00, 0x00,
  0x00, 0x00, 0x00, 0x00, 0x2d, 0x02, 0x00, 0x00, 0x12, 0x00, 0x01, 0x00,
  0x80, 0x01, 0x00, 0x00, 0x80, 0x00, 0x00, 0x00, 0x7e, 0x00, 0x00, 0x00,
  0x00, 0x00, 0x00, 0x00, 0x33, 0x02, 0x00, 0x00, 0x12, 0x00, 0x01, 0x00,
  0xb0, 0x0a, 0x00, 0x00, 0x80, 0x00, 0x00, 0x00, 0x22, 0x00, 0x00, 0x00,
  0x00, 0x00, 0x00, 0x00, 0x24, 0x03, 0x00, 0x00, 0x12, 0x00, 0x01, 0x00,
  0x60, 0x00, 0x00, 0x00, 0x80, 0x00, 0x00, 0x00, 0x01, 0x00, 0x00, 0x00,
  0x00, 0x00, 0x00, 0x00, 0x41, 0x02, 0x00, 0x00, 0x12, 0x00, 0x01, 0x00,
  0xd0, 0x0d, 0x00, 0x00, 0x80, 0x00, 0x00, 0x00, 0xe0, 0x01, 0x00, 0x00,
  0x00, 0x00, 0x00, 0x00, 0x50, 0x02, 0x00, 0x00, 0x11, 0x00, 0x03, 0x00,
  0x20, 0x30, 0x00, 0x00, 0x80, 0x00, 0x00, 0x00, 0x10, 0x02, 0x00, 0x00,
  0x00, 0x00, 0x00, 0x00, 0x50, 0x00, 0x00, 0x00, 0x12, 0x00, 0x01, 0x00,
  0x80, 0x00, 0x00, 0x00, 0x80, 0x00, 0x00, 0x00, 0x0b, 0x00, 0x00, 0x00,
  0x00, 0x00, 0x00, 0x00, 0xdc, 0x01, 0x00, 0x00, 0x12, 0x00, 0x01, 0x00,
  0x20, 0x02, 0x00, 0x00, 0x80, 0x00, 0x00, 0x00, 0x1e, 0x00, 0x00, 0x00,
  0x00, 0x00, 0x00, 0x00, 0x4c, 0x03, 0x00, 0x00, 0x12, 0x00, 0x01, 0x00,
  0x70, 0x02, 0x00, 0x00, 0x80, 0x00, 0x00, 0x00, 0x06, 0x00, 0x00, 0x00,
  0x00, 0x00, 0x00, 0x00, 0x55, 0x02, 0x00, 0x00, 0x12, 0x00, 0x01, 0x00,
  0x90, 0x0a, 0x00, 0x00, 0x80, 0x00, 0x00, 0x00, 0x01, 0x00, 0x00, 0x00,
  0x00, 0x00, 0x00, 0x00, 0x68, 0x02, 0x00, 0x00, 0x12, 0x00, 0x01, 0x00,
  0x60, 0x12, 0x00, 0x00, 0x80, 0x00, 0x00, 0x00, 0x4d, 0x01, 0x00, 0x00,
  0x00, 0x00, 0x00, 0x00, 0x91, 0x03, 0x00, 0x00, 0x10, 0x00, 0x01, 0x00,
  0x00, 0x00, 0x00, 0x00, 0x80, 0x00, 0x00, 0x00, 0x00, 0x00, 0x00, 0x00,
  0x00, 0x00, 0x00, 0x00, 0x70, 0x02, 0x00, 0x00, 0x12, 0x00, 0x01, 0x00,
  0xd0, 0x02, 0x00, 0x00, 0x80, 0x00, 0x00, 0x00, 0x08, 0x00, 0x00, 0x00,
  0x00, 0x00, 0x00, 0x00, 0x72, 0x03, 0x00, 0x00, 0x12, 0x00, 0x01, 0x00,
  0x90, 0x00, 0x00, 0x00, 0x80, 0x00, 0x00, 0x00, 0x0b, 0x00, 0x00, 0x00,
  0x00, 0x00, 0x00, 0x00, 0x77, 0x02, 0x00, 0x00, 0x12, 0x00, 0x01, 0x00,
  0x70, 0x0d, 0x00, 0x00, 0x80, 0x00, 0x00, 0x00, 0x57, 0x00, 0x00, 0x00,
  0x00, 0x00, 0x00, 0x00, 0x80, 0x02, 0x00, 0x00, 0x12, 0x00, 0x01, 0x00,
  0x00, 0x02, 0x00, 0x00, 0x80, 0x00, 0x00, 0x00, 0x10, 0x00, 0x00, 0x00,
  0x00, 0x00, 0x00, 0x00, 0x8b, 0x02, 0x00, 0x00, 0x12, 0x00, 0x01, 0x00,
  0xd0, 0x08, 0x00, 0x00, 0x80, 0x00, 0x00, 0x00, 0x7e, 0x01, 0x00, 0x00,
  0x00, 0x00, 0x00, 0x00, 0x91, 0x02, 0x00, 0x00, 0x12, 0x00, 0x01, 0x00,
  0xa0, 0x0b, 0x00, 0x00, 0x80, 0x00, 0x00, 0x00, 0x44, 0x00, 0x00, 0x00,
  0x00, 0x00, 0x00, 0x00, 0x99, 0x02, 0x00, 0x00, 0x12, 0x00, 0x01, 0x00,
  0x80, 0x16, 0x00, 0x00, 0x80, 0x00, 0x00, 0x00, 0x01, 0x00, 0x00, 0x00,
  0x00, 0x00, 0x00, 0x00, 0x2e, 0x02, 0x00, 0x00, 0x12, 0x00, 0x01, 0x00,
  0xc0, 0x00, 0x00, 0x00, 0x80, 0x00, 0x00, 0x00, 0x7e, 0x00, 0x00, 0x00,
  0x00, 0x00, 0x00, 0x00, 0xa7, 0x02, 0x00, 0x00, 0x12, 0x00, 0x01, 0x00,
  0x30, 0x1a, 0x00, 0x00, 0x80, 0x00, 0x00, 0x00, 0x6d, 0x00, 0x00, 0x00,
  0x00, 0x00, 0x00, 0x00, 0xb1, 0x02, 0x00, 0x00, 0x10, 0x00, 0x03, 0x00,
  0x00, 0x30, 0x00, 0x00, 0x80, 0x00, 0x00, 0x00, 0x00, 0x00, 0x00, 0x00,
  0x00, 0x00, 0x00, 0x00, 0xbd, 0x02, 0x00, 0x00, 0x10, 0x00, 0x01, 0x00,
  0x70, 0x11, 0x00, 0x00, 0x80, 0x00, 0x00, 0x00, 0x00, 0x00, 0x00, 0x00,
  0x00, 0x00, 0x00, 0x00, 0xc4, 0x02, 0x00, 0x00, 0x12, 0x00, 0x01, 0x00,
  0x30, 0x05, 0x00, 0x00, 0x80, 0x00, 0x00, 0x00, 0xb1, 0x00, 0x00, 0x00,
  0x00, 0x00, 0x00, 0x00, 0xc9, 0x02, 0x00, 0x00, 0x12, 0x00, 0x01, 0x00,
  0xd0, 0x0c, 0x00, 0x00, 0x80, 0x00, 0x00, 0x00, 0x10, 0x00, 0x00, 0x00,
  0x00, 0x00, 0x00, 0x00, 0xd2, 0x02, 0x00, 0x00, 0x12, 0x00, 0x01, 0x00,
  0xf0, 0x17, 0x00, 0x00, 0x80, 0x00, 0x00, 0x00, 0x1c, 0x00, 0x00, 0x00,
  0x00, 0x00, 0x00, 0x00, 0xd9, 0x02, 0x00, 0x00, 0x12, 0x00, 0x01, 0x00,
  0x60, 0x14, 0x00, 0x00, 0x80, 0x00, 0x00, 0x00, 0x1e, 0x02, 0x00, 0x00,
  0x00, 0x00, 0x00, 0x00, 0xe3, 0x02, 0x00, 0x00, 0x12, 0x00, 0x01, 0x00,
  0x70, 0x00, 0x00, 0x00, 0x80, 0x00, 0x00, 0x00, 0x01, 0x00, 0x00, 0x00,
  0x00, 0x00, 0x00, 0x00, 0xe9, 0x02, 0x00, 0x00, 0x12, 0x00, 0x01, 0x00,
  0x70, 0x10, 0x00, 0x00, 0x80, 0x00, 0x00, 0x00, 0x60, 0x00, 0x00, 0x00,
  0x00, 0x00, 0x00, 0x00, 0xf2, 0x02, 0x00, 0x00, 0x11, 0x00, 0x02, 0x00,
  0xe0, 0x20, 0x00, 0x00, 0x80, 0x00, 0x00, 0x00, 0x08, 0x00, 0x00, 0x00,
  0x00, 0x00, 0x00, 0x00, 0xfe, 0x02, 0x00, 0x00, 0x12, 0x00, 0x01, 0x00,
  0x10, 0x18, 0x00, 0x00, 0x80, 0x00, 0x00, 0x00, 0x11, 0x02, 0x00, 0x00,
  0x00, 0x00, 0x00, 0x00, 0x09, 0x03, 0x00, 0x00, 0x12, 0x00, 0x01, 0x00,
  0x10, 0x0b, 0x00, 0x00, 0x80, 0x00, 0x00, 0x00, 0x81, 0x00, 0x00, 0x00,
  0x00, 0x00, 0x00, 0x00, 0x16, 0x03, 0x00, 0x00, 0x12, 0x00, 0x01, 0x00,
  0x10, 0x03, 0x00, 0x00, 0x80, 0x00, 0x00, 0x00, 0xd8, 0x00, 0x00, 0x00,
  0x00, 0x00, 0x00, 0x00, 0x2a, 0x03, 0x00, 0x00, 0x12, 0x00, 0x01, 0x00,
  0xe0, 0x0a, 0x00, 0x00, 0x80, 0x00, 0x00, 0x00, 0x22, 0x00, 0x00, 0x00,
  0x00, 0x00, 0x00, 0x00, 0x3a, 0x03, 0x00, 0x00, 0x11, 0x00, 0x02, 0x00,
  0xb0, 0x20, 0x00, 0x00, 0x80, 0x00, 0x00, 0x00, 0x18, 0x00, 0x00, 0x00,
  0x00, 0x00, 0x00, 0x00, 0x4f, 0x00, 0x00, 0x00, 0x12, 0x00, 0x01, 0x00,
  0x40, 0x01, 0x00, 0x00, 0x80, 0x00, 0x00, 0x00, 0x0b, 0x00, 0x00, 0x00,
  0x00, 0x00, 0x00, 0x00, 0x42, 0x03, 0x00, 0x00, 0x12, 0x00, 0x01, 0x00,
  0x00, 0x0c, 0x00, 0x00, 0x80, 0x00, 0x00, 0x00, 0x7d, 0x00, 0x00, 0x00,
  0x00, 0x00, 0x00, 0x00, 0x78, 0x03, 0x00, 0x00, 0x12, 0x00, 0x01, 0x00,
  0xa0, 0x00, 0x00, 0x00, 0x80, 0x00, 0x00, 0x00, 0x13, 0x00, 0x00, 0x00,
  0x00, 0x00, 0x00, 0x00, 0x4b, 0x03, 0x00, 0x00, 0x12, 0x00, 0x01, 0x00,
  0xf0, 0x02, 0x00, 0x00, 0x80, 0x00, 0x00, 0x00, 0x06, 0x00, 0x00, 0x00,
  0x00, 0x00, 0x00, 0x00, 0x51, 0x03, 0x00, 0x00, 0x11, 0x00, 0x02, 0x00,
  0x00, 0x21, 0x00, 0x00, 0x80, 0x00, 0x00, 0x00, 0x90, 0x00, 0x00, 0x00,
  0x00, 0x00, 0x00, 0x00, 0x5e, 0x03, 0x00, 0x00, 0x12, 0x00, 0x01, 0x00,
  0xa0, 0x0a, 0x00, 0x00, 0x80, 0x00, 0x00, 0x00, 0x01, 0x00, 0x00, 0x00,
  0x00, 0x00, 0x00, 0x00, 0x71, 0x03, 0x00, 0x00, 0x12, 0x00, 0x01, 0x00,
  0x50, 0x01, 0x00, 0x00, 0x80, 0x00, 0x00, 0x00, 0x0b, 0x00, 0x00, 0x00,
  0x00, 0x00, 0x00, 0x00, 0x77, 0x03, 0x00, 0x00, 0x12, 0x00, 0x01, 0x00,
  0x60, 0x01, 0x00, 0x00, 0x80, 0x00, 0x00, 0x00, 0x13, 0x00, 0x00, 0x00,
  0x00, 0x00, 0x00, 0x00, 0x7d, 0x03, 0x00, 0x00, 0x12, 0x00, 0x01, 0x00,
  0xe0, 0x0c, 0x00, 0x00, 0x80, 0x00, 0x00, 0x00, 0x8d, 0x00, 0x00, 0x00,
  0x00, 0x00, 0x00, 0x00, 0x28, 0x02, 0x00, 0x00, 0x12, 0x00, 0x01, 0x00,
  0x60, 0x02, 0x00, 0x00, 0x80, 0x00, 0x00, 0x00, 0x06, 0x00, 0x00, 0x00,
  0x00, 0x00, 0x00, 0x00, 0x84, 0x03, 0x00, 0x00, 0x11, 0x00, 0x03, 0x00,
  0x40, 0x32, 0x00, 0x00, 0x80, 0x00, 0x00, 0x00, 0x08, 0x00, 0x00, 0x00,
  0x00, 0x00, 0x00, 0x00, 0x98, 0x03, 0x00, 0x00, 0x11, 0x00, 0x03, 0x00,
  0x48, 0x32, 0x00, 0x00, 0x80, 0x00, 0x00, 0x00, 0x08, 0x00, 0x00, 0x00,
  0x00, 0x00, 0x00, 0x00, 0xac, 0x03, 0x00, 0x00, 0x12, 0x00, 0x01, 0x00,
  0x10, 0x02, 0x00, 0x00, 0x80, 0x00, 0x00, 0x00, 0x06, 0x00, 0x00, 0x00,
  0x00, 0x00, 0x00, 0x00, 0xab, 0x03, 0x00, 0x00, 0x12, 0x00, 0x01, 0x00,
  0x90, 0x02, 0x00, 0x00, 0x80, 0x00, 0x00, 0x00, 0x06, 0x00, 0x00, 0x00,
  0x00, 0x00, 0x00, 0x00, 0x00, 0x63, 0x72, 0x74, 0x30, 0x2e, 0x6f, 0x00,
  0x2e, 0x66, 0x72, 0x65, 0x65, 0x7a, 0x65, 0x00, 0x73, 0x79, 0x73, 0x63,
  0x61, 0x6c, 0x6c, 0x73, 0x2e, 0x63, 0x00, 0x68, 0x65, 0x61, 0x70, 0x5f,
  0x65, 0x6e, 0x64, 0x5f, 0x63, 0x61, 0x63, 0x68, 0x65, 0x64, 0x2e, 0x30,
  0x00, 0x72, 0x65, 0x65, 0x6e, 0x74, 0x2e, 0x63, 0x00, 0x75, 0x73, 0x65,
  0x72, 0x5f, 0x73, 0x68, 0x65, 0x6c, 0x6c, 0x2e, 0x63, 0x00, 0x64, 0x69,
  0x72, 0x65, 0x63, 0x74, 0x5f, 0x73, 0x65, 0x72, 0x69, 0x61, 0x6c, 0x5f,
  0x77, 0x72, 0x69, 0x74, 0x65, 0x00, 0x70, 0x72, 0x69, 0x6e, 0x74, 0x5f,
  0x68, 0x65, 0x78, 0x5f, 0x6c, 0x61, 0x62, 0x65, 0x6c, 0x00, 0x68, 0x78,
  0x2e, 0x30, 0x00, 0x66, 0x69, 0x6e, 0x64, 0x66, 0x70, 0x2e, 0x63, 0x00,
  0x5f, 0x5f, 0x66, 0x70, 0x5f, 0x6c, 0x6f, 0x63, 0x6b, 0x00, 0x63, 0x6c,
  0x65, 0x61, 0x6e, 0x75, 0x70, 0x5f, 0x73, 0x74, 0x64, 0x69, 0x6f, 0x00,
  0x5f, 0x5f, 0x66, 0x70, 0x5f, 0x75, 0x6e, 0x6c, 0x6f, 0x63, 0x6b, 0x00,
  0x67, 0x6c, 0x6f, 0x62, 0x61, 0x6c, 0x5f, 0x73, 0x74, 0x64, 0x69, 0x6f,
  0x5f, 0x69, 0x6e, 0x69, 0x74, 0x2e, 0x70, 0x61, 0x72, 0x74, 0x2e, 0x30,
  0x00, 0x66, 0x77, 0x61, 0x6c, 0x6b, 0x2e, 0x63, 0x00, 0x73, 0x74, 0x64,
  0x69, 0x6f, 0x2e, 0x63, 0x00, 0x73, 0x74, 0x72, 0x6c, 0x65, 0x6e, 0x2e,
  0x63, 0x00, 0x63, 0x6c, 0x6f, 0x73, 0x65, 0x72, 0x2e, 0x63, 0x00, 0x69,
  0x6d, 0x70, 0x75, 0x72, 0x65, 0x2e, 0x63, 0x00, 0x6c, 0x73, 0x65, 0x65,
  0x6b, 0x72, 0x2e, 0x63, 0x00, 0x72, 0x65, 0x61, 0x64, 0x72, 0x2e, 0x63,
  0x00, 0x77, 0x72, 0x69, 0x74, 0x65, 0x72, 0x2e, 0x63, 0x00, 0x65, 0x72,
  0x72, 0x6e, 0x6f, 0x2e, 0x63, 0x00, 0x69, 0x6e, 0x69, 0x74, 0x2e, 0x63,
  0x00, 0x6c, 0x69, 0x62, 0x63, 0x5f, 0x61, 0x2d, 0x6d, 0x65, 0x6d, 0x73,
  0x65, 0x74, 0x2e, 0x6f, 0x00, 0x62, 0x79, 0x74, 0x65, 0x5f, 0x73, 0x65,
  0x74, 0x00, 0x71, 0x75, 0x61, 0x64, 0x77, 0x6f, 0x72, 0x64, 0x5f, 0x61,
  0x6c, 0x69, 0x67, 0x6e, 0x65, 0x64, 0x00, 0x71, 0x75, 0x61, 0x64, 0x77,
  0x6f, 0x72, 0x64, 0x5f, 0x73, 0x65, 0x74, 0x00, 0x6c, 0x6f, 0x6f, 0x70,
  0x00, 0x66, 0x72, 0x65, 0x65, 0x72, 0x2e, 0x63, 0x00, 0x6d, 0x61, 0x6c,
  0x6c, 0x6f, 0x63, 0x72, 0x2e, 0x63, 0x00, 0x73, 0x62, 0x72, 0x6b, 0x5f,
  0x61, 0x6c, 0x69, 0x67, 0x6e, 0x65, 0x64, 0x00, 0x6d, 0x6c, 0x6f, 0x63,
  0x6b, 0x2e, 0x63, 0x00, 0x66, 0x63, 0x6c, 0x6f, 0x73, 0x65, 0x2e, 0x63,
  0x00, 0x66, 0x66, 0x6c, 0x75, 0x73, 0x68, 0x2e, 0x63, 0x00, 0x73, 0x62,
  0x72, 0x6b, 0x72, 0x2e, 0x63, 0x00, 0x5f, 0x67, 0x65, 0x74, 0x70, 0x69,
  0x64, 0x00, 0x5f, 0x6c, 0x73, 0x65, 0x65, 0x6b, 0x5f, 0x72, 0x00, 0x5f,
  0x5f, 0x73, 0x73, 0x65, 0x65, 0x6b, 0x00, 0x5f, 0x5f, 0x73, 0x69, 0x6e,
  0x69, 0x74, 0x00, 0x5f, 0x5f, 0x6d, 0x61, 0x6c, 0x6c, 0x6f, 0x63, 0x5f,
  0x75, 0x6e, 0x6c, 0x6f, 0x63, 0x6b, 0x00, 0x5f, 0x5f, 0x65, 0x72, 0x72,
  0x6e, 0x6f, 0x00, 0x5f, 0x5f, 0x73, 0x74, 0x64, 0x69, 0x6f, 0x5f, 0x65,
  0x78, 0x69, 0x74, 0x5f, 0x68, 0x61, 0x6e, 0x64, 0x6c, 0x65, 0x72, 0x00,
  0x5f, 0x5f, 0x73, 0x65, 0x6f, 0x66, 0x72, 0x65, 0x61, 0x64, 0x00, 0x5f,
  0x66, 0x73, 0x74, 0x61, 0x74, 0x00, 0x5f, 0x73, 0x62, 0x72, 0x6b, 0x5f,
  0x72, 0x00, 0x5f, 0x72, 0x65, 0x61, 0x64, 0x5f, 0x72, 0x00, 0x5f, 0x66,
  0x63, 0x6c, 0x6f, 0x73, 0x65, 0x5f, 0x72, 0x00, 0x66, 0x66, 0x6c, 0x75,
  0x73, 0x68, 0x00, 0x5f, 0x69, 0x73, 0x61, 0x74, 0x74, 0x79, 0x00, 0x5f,
  0x5f, 0x6c, 0x69, 0x62, 0x63, 0x5f, 0x69, 0x6e, 0x69, 0x74, 0x5f, 0x61,
  0x72, 0x72, 0x61, 0x79, 0x00, 0x5f, 0x5f, 0x62, 0x73, 0x73, 0x5f, 0x65,
  0x6e, 0x64, 0x00, 0x5f, 0x6f, 0x70, 0x65, 0x6e, 0x00, 0x5f, 0x73, 0x62,
  0x72, 0x6b, 0x00, 0x5f, 0x5f, 0x66, 0x70, 0x5f, 0x6c, 0x6f, 0x63, 0x6b,
  0x5f, 0x61, 0x6c, 0x6c, 0x00, 0x5f, 0x72, 0x65, 0x63, 0x6c, 0x61, 0x69,
  0x6d, 0x5f, 0x72, 0x65, 0x65, 0x6e, 0x74, 0x00, 0x5f, 0x5f, 0x73, 0x66,
  0x00, 0x5f, 0x5f, 0x73, 0x66, 0x70, 0x5f, 0x6c, 0x6f, 0x63, 0x6b, 0x5f,
  0x61, 0x63, 0x71, 0x75, 0x69, 0x72, 0x65, 0x00, 0x5f, 0x66, 0x72, 0x65,
  0x65, 0x5f, 0x72, 0x00, 0x5f, 0x6c, 0x73, 0x65, 0x65, 0x6b, 0x00, 0x5f,
  0x63, 0x6c, 0x6f, 0x73, 0x65, 0x5f, 0x72, 0x00, 0x73, 0x79, 0x73, 0x5f,
  0x72, 0x65, 0x62, 0x6f, 0x6f, 0x74, 0x00, 0x5f, 0x5f, 0x73, 0x66, 0x70,
  0x00, 0x5f, 0x5f, 0x73, 0x72, 0x65, 0x61, 0x64, 0x00, 0x5f, 0x5f, 0x6d,
  0x61, 0x6c, 0x6c, 0x6f, 0x63, 0x5f, 0x6c, 0x6f, 0x63, 0x6b, 0x00, 0x5f,
  0x66, 0x66, 0x6c, 0x75, 0x73, 0x68, 0x5f, 0x72, 0x00, 0x5f, 0x5f, 0x62,
  0x73, 0x73, 0x5f, 0x73, 0x74, 0x61, 0x72, 0x74, 0x00, 0x6d, 0x65, 0x6d,
  0x73, 0x65, 0x74, 0x00, 0x6d, 0x61, 0x69, 0x6e, 0x00, 0x5f, 0x5f, 0x73,
  0x63, 0x6c, 0x6f, 0x73, 0x65, 0x00, 0x66, 0x63, 0x6c, 0x6f, 0x73, 0x65,
  0x00, 0x5f, 0x6d, 0x61, 0x6c, 0x6c, 0x6f, 0x63, 0x5f, 0x72, 0x00, 0x5f,
  0x66, 0x69, 0x6e, 0x69, 0x00, 0x5f, 0x77, 0x72, 0x69, 0x74, 0x65, 0x5f,
  0x72, 0x00, 0x5f, 0x69, 0x6d, 0x70, 0x75, 0x72, 0x65, 0x5f, 0x70, 0x74,
  0x72, 0x00, 0x5f, 0x5f, 0x73, 0x66, 0x6c, 0x75, 0x73, 0x68, 0x5f, 0x72,
  0x00, 0x5f, 0x66, 0x77, 0x61, 0x6c, 0x6b, 0x5f, 0x73, 0x67, 0x6c, 0x75,
  0x65, 0x00, 0x64, 0x6f, 0x6e, 0x73, 0x64, 0x6f, 0x73, 0x5f, 0x6e, 0x65,
  0x77, 0x6c, 0x69, 0x62, 0x5f, 0x69, 0x6e, 0x69, 0x74, 0x00, 0x5f, 0x5f,
  0x66, 0x70, 0x5f, 0x75, 0x6e, 0x6c, 0x6f, 0x63, 0x6b, 0x5f, 0x61, 0x6c,
  0x6c, 0x00, 0x5f, 0x5f, 0x73, 0x67, 0x6c, 0x75, 0x65, 0x00, 0x5f, 0x5f,
  0x73, 0x77, 0x72, 0x69, 0x74, 0x65, 0x00, 0x5f, 0x6b, 0x69, 0x6c, 0x6c,
  0x00, 0x5f, 0x69, 0x6d, 0x70, 0x75, 0x72, 0x65, 0x5f, 0x64, 0x61, 0x74,
  0x61, 0x00, 0x5f, 0x5f, 0x73, 0x66, 0x70, 0x5f, 0x6c, 0x6f, 0x63, 0x6b,
  0x5f, 0x72, 0x65, 0x6c, 0x65, 0x61, 0x73, 0x65, 0x00, 0x5f, 0x72, 0x65,
  0x61, 0x64, 0x00, 0x5f, 0x65, 0x78, 0x69, 0x74, 0x00, 0x73, 0x74, 0x72,
  0x6c, 0x65, 0x6e, 0x00, 0x5f, 0x5f, 0x6d, 0x61, 0x6c, 0x6c, 0x6f, 0x63,
  0x5f, 0x73, 0x62, 0x72, 0x6b, 0x5f, 0x73, 0x74, 0x61, 0x72, 0x74, 0x00,
  0x5f, 0x5f, 0x6d, 0x61, 0x6c, 0x6c, 0x6f, 0x63, 0x5f, 0x66, 0x72, 0x65,
  0x65, 0x5f, 0x6c, 0x69, 0x73, 0x74, 0x00, 0x5f, 0x63, 0x6c, 0x6f, 0x73,
  0x65, 0x00, 0x00, 0x2e, 0x73, 0x79, 0x6d, 0x74, 0x61, 0x62, 0x00, 0x2e,
  0x73, 0x74, 0x72, 0x74, 0x61, 0x62, 0x00, 0x2e, 0x73, 0x68, 0x73, 0x74,
  0x72, 0x74, 0x61, 0x62, 0x00, 0x2e, 0x74, 0x65, 0x78, 0x74, 0x00, 0x2e,
  0x64, 0x61, 0x74, 0x61, 0x00, 0x2e, 0x62, 0x73, 0x73, 0x00, 0x2e, 0x64,
  0x65, 0x62, 0x75, 0x67, 0x5f, 0x6c, 0x69, 0x6e, 0x65, 0x00, 0x2e, 0x64,
  0x65, 0x62, 0x75, 0x67, 0x5f, 0x6c, 0x69, 0x6e, 0x65, 0x5f, 0x73, 0x74,
  0x72, 0x00, 0x2e, 0x64, 0x65, 0x62, 0x75, 0x67, 0x5f, 0x69, 0x6e, 0x66,
  0x6f, 0x00, 0x2e, 0x64, 0x65, 0x62, 0x75, 0x67, 0x5f, 0x61, 0x62, 0x62,
  0x72, 0x65, 0x76, 0x00, 0x2e, 0x64, 0x65, 0x62, 0x75, 0x67, 0x5f, 0x61,
  0x72, 0x61, 0x6e, 0x67, 0x65, 0x73, 0x00, 0x2e, 0x64, 0x65, 0x62, 0x75,
  0x67, 0x5f, 0x73, 0x74, 0x72, 0x00, 0x2e, 0x64, 0x65, 0x62, 0x75, 0x67,
  0x5f, 0x6c, 0x6f, 0x63, 0x6c, 0x69, 0x73, 0x74, 0x73, 0x00, 0x2e, 0x64,
  0x65, 0x62, 0x75, 0x67, 0x5f, 0x72, 0x6e, 0x67, 0x6c, 0x69, 0x73, 0x74,
  0x73, 0x00, 0x00, 0x00, 0x00, 0x00, 0x00, 0x00, 0x00, 0x00, 0x00, 0x00,
  0x00, 0x00, 0x00, 0x00, 0x00, 0x00, 0x00, 0x00, 0x00, 0x00, 0x00, 0x00,
  0x00, 0x00, 0x00, 0x00, 0x00, 0x00, 0x00, 0x00, 0x00, 0x00, 0x00, 0x00,
  0x00, 0x00, 0x00, 0x00, 0x00, 0x00, 0x00, 0x00, 0x00, 0x00, 0x00, 0x00,
  0x00, 0x00, 0x00, 0x00, 0x00, 0x00, 0x00, 0x00, 0x00, 0x00, 0x00, 0x00,
  0x00, 0x00, 0x00, 0x00, 0x00, 0x00, 0x00, 0x00, 0x1b, 0x00, 0x00, 0x00,
  0x01, 0x00, 0x00, 0x00, 0x06, 0x00, 0x00, 0x00, 0x00, 0x00, 0x00, 0x00,
  0x00, 0x00, 0x00, 0x00, 0x80, 0x00, 0x00, 0x00, 0x00, 0x10, 0x00, 0x00,
  0x00, 0x00, 0x00, 0x00, 0xc8, 0x1b, 0x00, 0x00, 0x00, 0x00, 0x00, 0x00,
  0x00, 0x00, 0x00, 0x00, 0x00, 0x00, 0x00, 0x00, 0x00, 0x10, 0x00, 0x00,
  0x00, 0x00, 0x00, 0x00, 0x00, 0x00, 0x00, 0x00, 0x00, 0x00, 0x00, 0x00,
  0x21, 0x00, 0x00, 0x00, 0x01, 0x00, 0x00, 0x00, 0x03, 0x00, 0x00, 0x00,
  0x00, 0x00, 0x00, 0x00, 0x00, 0x20, 0x00, 0x00, 0x80, 0x00, 0x00, 0x00,
  0x00, 0x30, 0x00, 0x00, 0x00, 0x00, 0x00, 0x00, 0x90, 0x01, 0x00, 0x00,
  0x00, 0x00, 0x00, 0x00, 0x00, 0x00, 0x00, 0x00, 0x00, 0x00, 0x00, 0x00,
  0x00, 0x10, 0x00, 0x00, 0x00, 0x00, 0x00, 0x00, 0x00, 0x00, 0x00, 0x00,
  0x00, 0x00, 0x00, 0x00, 0x27, 0x00, 0x00, 0x00, 0x08, 0x00, 0x00, 0x00,
  0x03, 0x00, 0x00, 0x00, 0x00, 0x00, 0x00, 0x00, 0x00, 0x30, 0x00, 0x00,
  0x80, 0x00, 0x00, 0x00, 0x90, 0x31, 0x00, 0x00, 0x00, 0x00, 0x00, 0x00,
  0x50, 0x02, 0x00, 0x00, 0x00, 0x00, 0x00, 0x00, 0x00, 0x00, 0x00, 0x00,
  0x00, 0x00, 0x00, 0x00, 0x00, 0x10, 0x00, 0x00, 0x00, 0x00, 0x00, 0x00,
  0x00, 0x00, 0x00, 0x00, 0x00, 0x00, 0x00, 0x00, 0x2c, 0x00, 0x00, 0x00,
  0x01, 0x00, 0x00, 0x00, 0x00, 0x00, 0x00, 0x00, 0x00, 0x00, 0x00, 0x00,
  0x00, 0x00, 0x00, 0x00, 0x00, 0x00, 0x00, 0x00, 0x90, 0x31, 0x00, 0x00,
  0x00, 0x00, 0x00, 0x00, 0x45, 0x07, 0x00, 0x00, 0x00, 0x00, 0x00, 0x00,
  0x00, 0x00, 0x00, 0x00, 0x00, 0x00, 0x00, 0x00, 0x01, 0x00, 0x00, 0x00,
  0x00, 0x00, 0x00, 0x00, 0x00, 0x00, 0x00, 0x00, 0x00, 0x00, 0x00, 0x00,
  0x38, 0x00, 0x00, 0x00, 0x01, 0x00, 0x00, 0x00, 0x30, 0x00, 0x00, 0x00,
  0x00, 0x00, 0x00, 0x00, 0x00, 0x00, 0x00, 0x00, 0x00, 0x00, 0x00, 0x00,
  0xd5, 0x38, 0x00, 0x00, 0x00, 0x00, 0x00, 0x00, 0x2e, 0x01, 0x00, 0x00,
  0x00, 0x00, 0x00, 0x00, 0x00, 0x00, 0x00, 0x00, 0x00, 0x00, 0x00, 0x00,
  0x01, 0x00, 0x00, 0x00, 0x00, 0x00, 0x00, 0x00, 0x01, 0x00, 0x00, 0x00,
  0x00, 0x00, 0x00, 0x00, 0x48, 0x00, 0x00, 0x00, 0x01, 0x00, 0x00, 0x00,
  0x00, 0x00, 0x00, 0x00, 0x00, 0x00, 0x00, 0x00, 0x00, 0x00, 0x00, 0x00,
  0x00, 0x00, 0x00, 0x00, 0x03, 0x3a, 0x00, 0x00, 0x00, 0x00, 0x00, 0x00,
  0x67, 0x21, 0x00, 0x00, 0x00, 0x00, 0x00, 0x00, 0x00, 0x00, 0x00, 0x00,
  0x00, 0x00, 0x00, 0x00, 0x01, 0x00, 0x00, 0x00, 0x00, 0x00, 0x00, 0x00,
  0x00, 0x00, 0x00, 0x00, 0x00, 0x00, 0x00, 0x00, 0x54, 0x00, 0x00, 0x00,
  0x01, 0x00, 0x00, 0x00, 0x00, 0x00, 0x00, 0x00, 0x00, 0x00, 0x00, 0x00,
  0x00, 0x00, 0x00, 0x00, 0x00, 0x00, 0x00, 0x00, 0x6a, 0x5b, 0x00, 0x00,
  0x00, 0x00, 0x00, 0x00, 0xbd, 0x07, 0x00, 0x00, 0x00, 0x00, 0x00, 0x00,
  0x00, 0x00, 0x00, 0x00, 0x00, 0x00, 0x00, 0x00, 0x01, 0x00, 0x00, 0x00,
  0x00, 0x00, 0x00, 0x00, 0x00, 0x00, 0x00, 0x00, 0x00, 0x00, 0x00, 0x00,
  0x62, 0x00, 0x00, 0x00, 0x01, 0x00, 0x00, 0x00, 0x00, 0x00, 0x00, 0x00,
  0x00, 0x00, 0x00, 0x00, 0x00, 0x00, 0x00, 0x00, 0x00, 0x00, 0x00, 0x00,
  0x30, 0x63, 0x00, 0x00, 0x00, 0x00, 0x00, 0x00, 0xd0, 0x00, 0x00, 0x00,
  0x00, 0x00, 0x00, 0x00, 0x00, 0x00, 0x00, 0x00, 0x00, 0x00, 0x00, 0x00,
  0x10, 0x00, 0x00, 0x00, 0x00, 0x00, 0x00, 0x00, 0x00, 0x00, 0x00, 0x00,
  0x00, 0x00, 0x00, 0x00, 0x71, 0x00, 0x00, 0x00, 0x01, 0x00, 0x00, 0x00,
  0x30, 0x00, 0x00, 0x00, 0x00, 0x00, 0x00, 0x00, 0x00, 0x00, 0x00, 0x00,
  0x00, 0x00, 0x00, 0x00, 0x00, 0x64, 0x00, 0x00, 0x00, 0x00, 0x00, 0x00,
  0xaf, 0x06, 0x00, 0x00, 0x00, 0x00, 0x00, 0x00, 0x00, 0x00, 0x00, 0x00,
  0x00, 0x00, 0x00, 0x00, 0x01, 0x00, 0x00, 0x00, 0x00, 0x00, 0x00, 0x00,
  0x01, 0x00, 0x00, 0x00, 0x00, 0x00, 0x00, 0x00, 0x7c, 0x00, 0x00, 0x00,
  0x01, 0x00, 0x00, 0x00, 0x00, 0x00, 0x00, 0x00, 0x00, 0x00, 0x00, 0x00,
  0x00, 0x00, 0x00, 0x00, 0x00, 0x00, 0x00, 0x00, 0xaf, 0x6a, 0x00, 0x00,
  0x00, 0x00, 0x00, 0x00, 0x11, 0x05, 0x00, 0x00, 0x00, 0x00, 0x00, 0x00,
  0x00, 0x00, 0x00, 0x00, 0x00, 0x00, 0x00, 0x00, 0x01, 0x00, 0x00, 0x00,
  0x00, 0x00, 0x00, 0x00, 0x00, 0x00, 0x00, 0x00, 0x00, 0x00, 0x00, 0x00,
  0x8c, 0x00, 0x00, 0x00, 0x01, 0x00, 0x00, 0x00, 0x00, 0x00, 0x00, 0x00,
  0x00, 0x00, 0x00, 0x00, 0x00, 0x00, 0x00, 0x00, 0x00, 0x00, 0x00, 0x00,
  0xc0, 0x6f, 0x00, 0x00, 0x00, 0x00, 0x00, 0x00, 0xb5, 0x00, 0x00, 0x00,
  0x00, 0x00, 0x00, 0x00, 0x00, 0x00, 0x00, 0x00, 0x00, 0x00, 0x00, 0x00,
  0x01, 0x00, 0x00, 0x00, 0x00, 0x00, 0x00, 0x00, 0x00, 0x00, 0x00, 0x00,
  0x00, 0x00, 0x00, 0x00, 0x01, 0x00, 0x00, 0x00, 0x02, 0x00, 0x00, 0x00,
  0x00, 0x00, 0x00, 0x00, 0x00, 0x00, 0x00, 0x00, 0x00, 0x00, 0x00, 0x00,
  0x00, 0x00, 0x00, 0x00, 0x78, 0x70, 0x00, 0x00, 0x00, 0x00, 0x00, 0x00,
  0x20, 0x0a, 0x00, 0x00, 0x00, 0x00, 0x00, 0x00, 0x0d, 0x00, 0x00, 0x00,
  0x27, 0x00, 0x00, 0x00, 0x08, 0x00, 0x00, 0x00, 0x00, 0x00, 0x00, 0x00,
  0x18, 0x00, 0x00, 0x00, 0x00, 0x00, 0x00, 0x00, 0x09, 0x00, 0x00, 0x00,
  0x03, 0x00, 0x00, 0x00, 0x00, 0x00, 0x00, 0x00, 0x00, 0x00, 0x00, 0x00,
  0x00, 0x00, 0x00, 0x00, 0x00, 0x00, 0x00, 0x00, 0x98, 0x7a, 0x00, 0x00,
  0x00, 0x00, 0x00, 0x00, 0xb2, 0x03, 0x00, 0x00, 0x00, 0x00, 0x00, 0x00,
  0x00, 0x00, 0x00, 0x00, 0x00, 0x00, 0x00, 0x00, 0x01, 0x00, 0x00, 0x00,
  0x00, 0x00, 0x00, 0x00, 0x00, 0x00, 0x00, 0x00, 0x00, 0x00, 0x00, 0x00,
  0x11, 0x00, 0x00, 0x00, 0x03, 0x00, 0x00, 0x00, 0x00, 0x00, 0x00, 0x00,
  0x00, 0x00, 0x00, 0x00, 0x00, 0x00, 0x00, 0x00, 0x00, 0x00, 0x00, 0x00,
  0x4a, 0x7e, 0x00, 0x00, 0x00, 0x00, 0x00, 0x00, 0x9c, 0x00, 0x00, 0x00,
  0x00, 0x00, 0x00, 0x00, 0x00, 0x00, 0x00, 0x00, 0x00, 0x00, 0x00, 0x00,
  0x01, 0x00, 0x00, 0x00, 0x00, 0x00, 0x00, 0x00, 0x00, 0x00, 0x00, 0x00,
  0x00, 0x00, 0x00, 0x00
};
const unsigned int build_user_shell_elf_len = 33448;
